swipe_id,account_id,swipe_timestamp,merchant_category,status
swp_1,acc_1,2025-04-12T12:00:00Z,ENTERTAINMENT,APPROVED
swp_2,acc_1,2025-04-21T12:00:00Z,GROCERY,APPROVED
swp_3,acc_1,2025-03-27T12:00:00Z,TRAVEL,APPROVED
swp_4,acc_1,2025-03-22T12:00:00Z,GROCERY,DECLINED
swp_5,acc_1,2025-04-02T12:00:00Z,DINING,DECLINED
swp_6,acc_1,2025-03-20T12:00:00Z,TRAVEL,APPROVED
swp_7,acc_1,2025-04-05T12:00:00Z,ENTERTAINMENT,DECLINED
swp_8,acc_1,2025-04-10T12:00:00Z,TRAVEL,APPROVED
swp_9,acc_1,2025-04-13T12:00:00Z,TRAVEL,APPROVED
swp_10,acc_1,2025-05-05T12:00:00Z,GROCERY,APPROVED
swp_11,acc_2,2025-02-24T12:00:00Z,ENTERTAINMENT,APPROVED
swp_12,acc_3,2025-05-11T12:00:00Z,TRAVEL,DECLINED
swp_13,acc_3,2025-04-13T12:00:00Z,DINING,APPROVED
swp_14,acc_3,2025-05-03T12:00:00Z,DINING,DECLINED
swp_15,acc_4,2025-03-27T12:00:00Z,DINING,APPROVED
swp_16,acc_5,2025-05-13T12:00:00Z,TRAVEL,APPROVED
swp_17,acc_5,2025-02-27T12:00:00Z,GROCERY,APPROVED
swp_18,acc_5,2025-05-04T12:00:00Z,TRAVEL,APPROVED
swp_19,acc_5,2025-05-04T12:00:00Z,DINING,DECLINED
swp_20,acc_5,2025-04-16T12:00:00Z,DINING,APPROVED
swp_21,acc_5,2025-03-13T12:00:00Z,ENTERTAINMENT,APPROVED
swp_22,acc_6,2025-05-14T12:00:00Z,TRAVEL,DECLINED
swp_23,acc_6,2025-06-01T12:00:00Z,DINING,DECLINED
swp_24,acc_6,2025-03-06T12:00:00Z,DINING,DECLINED
swp_25,acc_6,2025-03-18T12:00:00Z,GROCERY,DECLINED
swp_26,acc_6,2025-05-25T12:00:00Z,GROCERY,APPROVED
swp_27,acc_6,2025-02-20T12:00:00Z,TRAVEL,APPROVED
swp_28,acc_6,2025-05-18T12:00:00Z,ENTERTAINMENT,APPROVED
swp_29,acc_6,2025-03-06T12:00:00Z,TRAVEL,APPROVED
swp_30,acc_6,2025-04-06T12:00:00Z,DINING,APPROVED
swp_31,acc_6,2025-03-01T12:00:00Z,TRAVEL,DECLINED
swp_32,acc_7,2025-04-22T12:00:00Z,GROCERY,APPROVED
swp_33,acc_7,2025-05-16T12:00:00Z,TRAVEL,APPROVED
swp_34,acc_7,2025-02-14T12:00:00Z,GROCERY,APPROVED
swp_35,acc_7,2025-03-22T12:00:00Z,DINING,APPROVED
swp_36,acc_7,2025-02-20T12:00:00Z,GROCERY,APPROVED
swp_37,acc_8,2025-04-06T12:00:00Z,TRAVEL,APPROVED
swp_38,acc_8,2025-05-24T12:00:00Z,ENTERTAINMENT,APPROVED
swp_39,acc_8,2025-05-11T12:00:00Z,DINING,APPROVED
swp_40,acc_9,2025-03-01T12:00:00Z,ENTERTAINMENT,APPROVED
swp_41,acc_10,2025-02-13T12:00:00Z,TRAVEL,APPROVED
swp_42,acc_10,2025-03-09T12:00:00Z,TRAVEL,APPROVED
swp_43,acc_10,2025-03-13T12:00:00Z,DINING,APPROVED
swp_44,acc_10,2025-04-06T12:00:00Z,ENTERTAINMENT,APPROVED
swp_45,acc_10,2025-03-06T12:00:00Z,GROCERY,APPROVED
swp_46,acc_10,2025-05-01T12:00:00Z,TRAVEL,APPROVED
swp_47,acc_10,2025-04-25T12:00:00Z,GROCERY,APPROVED
swp_48,acc_10,2025-03-09T12:00:00Z,DINING,APPROVED
swp_49,acc_10,2025-03-21T12:00:00Z,ENTERTAINMENT,APPROVED
swp_50,acc_11,2025-05-21T12:00:00Z,DINING,APPROVED
swp_51,acc_11,2025-05-02T12:00:00Z,DINING,APPROVED
swp_52,acc_11,2025-03-16T12:00:00Z,DINING,DECLINED
swp_53,acc_11,2025-02-17T12:00:00Z,TRAVEL,APPROVED
swp_54,acc_12,2025-04-25T12:00:00Z,TRAVEL,APPROVED
swp_55,acc_12,2025-03-02T12:00:00Z,ENTERTAINMENT,APPROVED
swp_56,acc_12,2025-02-16T12:00:00Z,GROCERY,DECLINED
swp_57,acc_12,2025-03-30T12:00:00Z,ENTERTAINMENT,APPROVED
swp_58,acc_12,2025-05-24T12:00:00Z,DINING,DECLINED
swp_59,acc_12,2025-03-30T12:00:00Z,ENTERTAINMENT,APPROVED
swp_60,acc_12,2025-04-07T12:00:00Z,ENTERTAINMENT,APPROVED
swp_61,acc_12,2025-04-22T12:00:00Z,TRAVEL,DECLINED
swp_62,acc_13,2025-02-24T12:00:00Z,DINING,APPROVED
swp_63,acc_13,2025-04-24T12:00:00Z,DINING,APPROVED
swp_64,acc_14,2025-05-26T12:00:00Z,TRAVEL,APPROVED
swp_65,acc_14,2025-04-29T12:00:00Z,ENTERTAINMENT,APPROVED
swp_66,acc_15,2025-04-16T12:00:00Z,ENTERTAINMENT,APPROVED
swp_67,acc_15,2025-05-23T12:00:00Z,GROCERY,APPROVED
swp_68,acc_15,2025-03-14T12:00:00Z,ENTERTAINMENT,APPROVED
swp_69,acc_15,2025-04-06T12:00:00Z,TRAVEL,APPROVED
swp_70,acc_15,2025-03-29T12:00:00Z,GROCERY,APPROVED
swp_71,acc_16,2025-05-30T12:00:00Z,DINING,APPROVED
swp_72,acc_16,2025-03-30T12:00:00Z,ENTERTAINMENT,APPROVED
swp_73,acc_16,2025-04-04T12:00:00Z,DINING,APPROVED
swp_74,acc_16,2025-03-09T12:00:00Z,DINING,APPROVED
swp_75,acc_16,2025-05-06T12:00:00Z,DINING,APPROVED
swp_76,acc_16,2025-04-21T12:00:00Z,DINING,APPROVED
swp_77,acc_16,2025-03-19T12:00:00Z,GROCERY,APPROVED
swp_78,acc_17,2025-05-02T12:00:00Z,GROCERY,APPROVED
swp_79,acc_18,2025-03-11T12:00:00Z,ENTERTAINMENT,APPROVED
swp_80,acc_18,2025-04-25T12:00:00Z,DINING,APPROVED
swp_81,acc_18,2025-03-13T12:00:00Z,GROCERY,DECLINED
swp_82,acc_18,2025-04-19T12:00:00Z,DINING,APPROVED
swp_83,acc_18,2025-03-28T12:00:00Z,GROCERY,APPROVED
swp_84,acc_19,2025-05-10T12:00:00Z,TRAVEL,DECLINED
swp_85,acc_19,2025-03-21T12:00:00Z,DINING,APPROVED
swp_86,acc_20,2025-05-12T12:00:00Z,TRAVEL,APPROVED
swp_87,acc_20,2025-05-11T12:00:00Z,ENTERTAINMENT,APPROVED
swp_88,acc_20,2025-03-07T12:00:00Z,DINING,APPROVED
swp_89,acc_21,2025-03-06T12:00:00Z,TRAVEL,APPROVED
swp_90,acc_21,2025-02-13T12:00:00Z,DINING,APPROVED
swp_91,acc_21,2025-02-05T12:00:00Z,GROCERY,APPROVED
swp_92,acc_22,2025-04-11T12:00:00Z,TRAVEL,APPROVED
swp_93,acc_22,2025-03-02T12:00:00Z,GROCERY,APPROVED
swp_94,acc_22,2025-02-13T12:00:00Z,DINING,DECLINED
swp_95,acc_22,2025-05-30T12:00:00Z,DINING,DECLINED
swp_96,acc_22,2025-05-15T12:00:00Z,GROCERY,APPROVED
swp_97,acc_23,2025-03-20T12:00:00Z,TRAVEL,APPROVED
swp_98,acc_23,2025-04-07T12:00:00Z,TRAVEL,APPROVED
swp_99,acc_24,2025-03-19T12:00:00Z,DINING,APPROVED
swp_100,acc_24,2025-05-24T12:00:00Z,DINING,APPROVED
swp_101,acc_24,2025-03-06T12:00:00Z,DINING,APPROVED
swp_102,acc_24,2025-02-03T12:00:00Z,ENTERTAINMENT,APPROVED
swp_103,acc_24,2025-05-05T12:00:00Z,TRAVEL,APPROVED
swp_104,acc_24,2025-03-05T12:00:00Z,TRAVEL,APPROVED
swp_105,acc_24,2025-06-01T12:00:00Z,TRAVEL,APPROVED
swp_106,acc_25,2025-03-05T12:00:00Z,ENTERTAINMENT,APPROVED
swp_107,acc_25,2025-04-15T12:00:00Z,GROCERY,DECLINED
swp_108,acc_25,2025-04-30T12:00:00Z,ENTERTAINMENT,APPROVED
swp_109,acc_25,2025-02-28T12:00:00Z,TRAVEL,APPROVED
swp_110,acc_25,2025-02-23T12:00:00Z,GROCERY,APPROVED
swp_111,acc_25,2025-04-28T12:00:00Z,TRAVEL,APPROVED
swp_112,acc_25,2025-04-11T12:00:00Z,GROCERY,APPROVED
swp_113,acc_25,2025-02-13T12:00:00Z,ENTERTAINMENT,APPROVED
swp_114,acc_26,2025-03-28T12:00:00Z,TRAVEL,APPROVED
swp_115,acc_26,2025-02-11T12:00:00Z,DINING,APPROVED
swp_116,acc_26,2025-03-03T12:00:00Z,GROCERY,APPROVED
swp_117,acc_26,2025-04-11T12:00:00Z,DINING,APPROVED
swp_118,acc_26,2025-05-08T12:00:00Z,DINING,APPROVED
swp_119,acc_26,2025-04-26T12:00:00Z,ENTERTAINMENT,APPROVED
swp_120,acc_26,2025-03-08T12:00:00Z,TRAVEL,APPROVED
swp_121,acc_26,2025-03-25T12:00:00Z,DINING,APPROVED
swp_122,acc_26,2025-04-19T12:00:00Z,GROCERY,APPROVED
swp_123,acc_27,2025-04-12T12:00:00Z,ENTERTAINMENT,APPROVED
swp_124,acc_27,2025-05-20T12:00:00Z,TRAVEL,APPROVED
swp_125,acc_27,2025-02-09T12:00:00Z,DINING,APPROVED
swp_126,acc_27,2025-03-08T12:00:00Z,ENTERTAINMENT,APPROVED
swp_127,acc_27,2025-02-15T12:00:00Z,ENTERTAINMENT,APPROVED
swp_128,acc_27,2025-02-28T12:00:00Z,ENTERTAINMENT,APPROVED
swp_129,acc_27,2025-04-19T12:00:00Z,DINING,APPROVED
swp_130,acc_27,2025-02-07T12:00:00Z,DINING,APPROVED
swp_131,acc_27,2025-03-04T12:00:00Z,DINING,APPROVED
swp_132,acc_27,2025-02-06T12:00:00Z,GROCERY,DECLINED
swp_133,acc_27,2025-03-03T12:00:00Z,DINING,APPROVED
swp_134,acc_27,2025-03-28T12:00:00Z,GROCERY,APPROVED
swp_135,acc_27,2025-03-12T12:00:00Z,TRAVEL,APPROVED
swp_136,acc_27,2025-04-13T12:00:00Z,ENTERTAINMENT,APPROVED
swp_137,acc_27,2025-04-24T12:00:00Z,DINING,APPROVED
swp_138,acc_27,2025-05-20T12:00:00Z,ENTERTAINMENT,APPROVED
swp_139,acc_27,2025-05-19T12:00:00Z,TRAVEL,APPROVED
swp_140,acc_27,2025-02-12T12:00:00Z,GROCERY,APPROVED
swp_141,acc_27,2025-05-12T12:00:00Z,TRAVEL,APPROVED
swp_142,acc_27,2025-04-22T12:00:00Z,GROCERY,APPROVED
swp_143,acc_27,2025-03-31T12:00:00Z,ENTERTAINMENT,APPROVED
swp_144,acc_27,2025-05-09T12:00:00Z,GROCERY,APPROVED
swp_145,acc_28,2025-03-25T12:00:00Z,TRAVEL,APPROVED
swp_146,acc_28,2025-02-11T12:00:00Z,DINING,APPROVED
swp_147,acc_28,2025-03-11T12:00:00Z,DINING,APPROVED
swp_148,acc_28,2025-04-01T12:00:00Z,GROCERY,APPROVED
swp_149,acc_28,2025-02-13T12:00:00Z,ENTERTAINMENT,APPROVED
swp_150,acc_28,2025-05-21T12:00:00Z,GROCERY,APPROVED
swp_151,acc_28,2025-04-17T12:00:00Z,ENTERTAINMENT,APPROVED
swp_152,acc_28,2025-05-23T12:00:00Z,ENTERTAINMENT,APPROVED
swp_153,acc_28,2025-04-17T12:00:00Z,TRAVEL,APPROVED
swp_154,acc_28,2025-05-29T12:00:00Z,TRAVEL,APPROVED
swp_155,acc_28,2025-03-28T12:00:00Z,ENTERTAINMENT,APPROVED
swp_156,acc_28,2025-02-27T12:00:00Z,GROCERY,APPROVED
swp_157,acc_28,2025-04-14T12:00:00Z,ENTERTAINMENT,APPROVED
swp_158,acc_28,2025-03-24T12:00:00Z,TRAVEL,APPROVED
swp_159,acc_28,2025-03-12T12:00:00Z,TRAVEL,APPROVED
swp_160,acc_29,2025-04-19T12:00:00Z,TRAVEL,APPROVED
swp_161,acc_29,2025-03-29T12:00:00Z,DINING,APPROVED
swp_162,acc_29,2025-05-11T12:00:00Z,DINING,APPROVED
swp_163,acc_29,2025-04-10T12:00:00Z,ENTERTAINMENT,APPROVED
swp_164,acc_29,2025-04-30T12:00:00Z,DINING,APPROVED
swp_165,acc_29,2025-03-19T12:00:00Z,DINING,APPROVED
swp_166,acc_29,2025-06-01T12:00:00Z,DINING,APPROVED
swp_167,acc_29,2025-03-20T12:00:00Z,DINING,APPROVED
swp_168,acc_29,2025-02-20T12:00:00Z,TRAVEL,APPROVED
swp_169,acc_30,2025-03-24T12:00:00Z,ENTERTAINMENT,APPROVED
swp_170,acc_30,2025-05-28T12:00:00Z,ENTERTAINMENT,APPROVED
swp_171,acc_31,2025-02-18T12:00:00Z,GROCERY,APPROVED
swp_172,acc_31,2025-05-16T12:00:00Z,ENTERTAINMENT,APPROVED
swp_173,acc_31,2025-02-11T12:00:00Z,TRAVEL,APPROVED
swp_174,acc_31,2025-02-21T12:00:00Z,ENTERTAINMENT,APPROVED
swp_175,acc_31,2025-04-06T12:00:00Z,DINING,APPROVED
swp_176,acc_31,2025-03-18T12:00:00Z,TRAVEL,APPROVED
swp_177,acc_31,2025-03-16T12:00:00Z,ENTERTAINMENT,APPROVED
swp_178,acc_31,2025-03-18T12:00:00Z,ENTERTAINMENT,APPROVED
swp_179,acc_31,2025-04-16T12:00:00Z,DINING,APPROVED
swp_180,acc_31,2025-04-18T12:00:00Z,ENTERTAINMENT,APPROVED
swp_181,acc_31,2025-02-13T12:00:00Z,GROCERY,APPROVED
swp_182,acc_31,2025-05-27T12:00:00Z,DINING,APPROVED
swp_183,acc_32,2025-03-11T12:00:00Z,GROCERY,APPROVED
swp_184,acc_32,2025-04-22T12:00:00Z,DINING,APPROVED
swp_185,acc_32,2025-05-24T12:00:00Z,TRAVEL,APPROVED
swp_186,acc_32,2025-05-27T12:00:00Z,TRAVEL,APPROVED
swp_187,acc_32,2025-04-01T12:00:00Z,DINING,APPROVED
swp_188,acc_32,2025-05-03T12:00:00Z,ENTERTAINMENT,APPROVED
swp_189,acc_32,2025-04-18T12:00:00Z,TRAVEL,APPROVED
swp_190,acc_32,2025-03-09T12:00:00Z,TRAVEL,APPROVED
swp_191,acc_32,2025-04-27T12:00:00Z,TRAVEL,APPROVED
swp_192,acc_32,2025-02-14T12:00:00Z,TRAVEL,APPROVED
swp_193,acc_32,2025-03-10T12:00:00Z,ENTERTAINMENT,APPROVED
swp_194,acc_32,2025-05-27T12:00:00Z,DINING,APPROVED
swp_195,acc_32,2025-04-07T12:00:00Z,ENTERTAINMENT,APPROVED
swp_196,acc_32,2025-05-24T12:00:00Z,GROCERY,APPROVED
swp_197,acc_32,2025-05-23T12:00:00Z,GROCERY,APPROVED
swp_198,acc_32,2025-04-13T12:00:00Z,GROCERY,APPROVED
swp_199,acc_32,2025-05-13T12:00:00Z,TRAVEL,APPROVED
swp_200,acc_32,2025-05-21T12:00:00Z,DINING,APPROVED
swp_201,acc_32,2025-02-05T12:00:00Z,GROCERY,APPROVED
swp_202,acc_32,2025-04-19T12:00:00Z,GROCERY,APPROVED
swp_203,acc_32,2025-03-13T12:00:00Z,DINING,APPROVED
swp_204,acc_33,2025-03-13T12:00:00Z,TRAVEL,APPROVED
swp_205,acc_33,2025-04-17T12:00:00Z,GROCERY,APPROVED
swp_206,acc_33,2025-05-31T12:00:00Z,GROCERY,APPROVED
swp_207,acc_33,2025-02-18T12:00:00Z,TRAVEL,APPROVED
swp_208,acc_33,2025-05-30T12:00:00Z,GROCERY,APPROVED
swp_209,acc_33,2025-04-28T12:00:00Z,ENTERTAINMENT,APPROVED
swp_210,acc_33,2025-03-15T12:00:00Z,GROCERY,APPROVED
swp_211,acc_33,2025-05-09T12:00:00Z,TRAVEL,APPROVED
swp_212,acc_33,2025-03-31T12:00:00Z,GROCERY,APPROVED
swp_213,acc_33,2025-03-18T12:00:00Z,TRAVEL,APPROVED
swp_214,acc_34,2025-02-03T12:00:00Z,TRAVEL,APPROVED
swp_215,acc_34,2025-03-23T12:00:00Z,TRAVEL,APPROVED
swp_216,acc_34,2025-05-09T12:00:00Z,TRAVEL,APPROVED
swp_217,acc_34,2025-05-29T12:00:00Z,DINING,APPROVED
swp_218,acc_34,2025-02-20T12:00:00Z,ENTERTAINMENT,APPROVED
swp_219,acc_34,2025-04-20T12:00:00Z,GROCERY,APPROVED
swp_220,acc_34,2025-04-28T12:00:00Z,DINING,APPROVED
swp_221,acc_34,2025-04-06T12:00:00Z,GROCERY,APPROVED
swp_222,acc_35,2025-02-02T12:00:00Z,ENTERTAINMENT,APPROVED
swp_223,acc_35,2025-04-05T12:00:00Z,DINING,APPROVED
swp_224,acc_35,2025-05-13T12:00:00Z,DINING,APPROVED
swp_225,acc_35,2025-03-16T12:00:00Z,ENTERTAINMENT,APPROVED
swp_226,acc_35,2025-05-19T12:00:00Z,ENTERTAINMENT,APPROVED
swp_227,acc_35,2025-04-22T12:00:00Z,TRAVEL,APPROVED
swp_228,acc_35,2025-02-16T12:00:00Z,GROCERY,APPROVED
swp_229,acc_35,2025-04-08T12:00:00Z,DINING,APPROVED
swp_230,acc_35,2025-03-12T12:00:00Z,GROCERY,APPROVED
swp_231,acc_35,2025-02-20T12:00:00Z,GROCERY,APPROVED
swp_232,acc_35,2025-04-15T12:00:00Z,TRAVEL,APPROVED
swp_233,acc_35,2025-05-21T12:00:00Z,DINING,APPROVED
swp_234,acc_35,2025-03-21T12:00:00Z,DINING,APPROVED
swp_235,acc_35,2025-05-30T12:00:00Z,ENTERTAINMENT,APPROVED
swp_236,acc_35,2025-02-14T12:00:00Z,DINING,APPROVED
swp_237,acc_36,2025-05-18T12:00:00Z,GROCERY,APPROVED
swp_238,acc_36,2025-03-29T12:00:00Z,GROCERY,APPROVED
swp_239,acc_36,2025-04-22T12:00:00Z,ENTERTAINMENT,APPROVED
swp_240,acc_36,2025-05-15T12:00:00Z,DINING,APPROVED
swp_241,acc_36,2025-04-27T12:00:00Z,TRAVEL,APPROVED
swp_242,acc_36,2025-05-11T12:00:00Z,ENTERTAINMENT,APPROVED
swp_243,acc_36,2025-02-25T12:00:00Z,ENTERTAINMENT,APPROVED
swp_244,acc_36,2025-05-05T12:00:00Z,ENTERTAINMENT,APPROVED
swp_245,acc_36,2025-05-11T12:00:00Z,GROCERY,APPROVED
swp_246,acc_36,2025-03-07T12:00:00Z,TRAVEL,APPROVED
swp_247,acc_36,2025-04-24T12:00:00Z,ENTERTAINMENT,APPROVED
swp_248,acc_36,2025-03-15T12:00:00Z,DINING,APPROVED
swp_249,acc_36,2025-02-11T12:00:00Z,ENTERTAINMENT,APPROVED
swp_250,acc_36,2025-05-23T12:00:00Z,GROCERY,APPROVED
swp_251,acc_36,2025-04-21T12:00:00Z,TRAVEL,APPROVED
swp_252,acc_36,2025-04-28T12:00:00Z,ENTERTAINMENT,APPROVED
swp_253,acc_36,2025-02-16T12:00:00Z,ENTERTAINMENT,APPROVED
swp_254,acc_36,2025-06-01T12:00:00Z,GROCERY,APPROVED
swp_255,acc_36,2025-05-17T12:00:00Z,TRAVEL,DECLINED
swp_256,acc_36,2025-04-27T12:00:00Z,ENTERTAINMENT,APPROVED
swp_257,acc_36,2025-02-04T12:00:00Z,GROCERY,APPROVED
swp_258,acc_36,2025-02-24T12:00:00Z,TRAVEL,APPROVED
swp_259,acc_36,2025-02-22T12:00:00Z,ENTERTAINMENT,APPROVED
swp_260,acc_37,2025-02-25T12:00:00Z,ENTERTAINMENT,APPROVED
swp_261,acc_37,2025-04-27T12:00:00Z,DINING,APPROVED
swp_262,acc_37,2025-05-17T12:00:00Z,GROCERY,APPROVED
swp_263,acc_38,2025-05-05T12:00:00Z,GROCERY,APPROVED
swp_264,acc_38,2025-02-23T12:00:00Z,TRAVEL,APPROVED
swp_265,acc_38,2025-03-09T12:00:00Z,ENTERTAINMENT,APPROVED
swp_266,acc_38,2025-04-15T12:00:00Z,ENTERTAINMENT,APPROVED
swp_267,acc_38,2025-05-09T12:00:00Z,DINING,APPROVED
swp_268,acc_38,2025-03-08T12:00:00Z,GROCERY,APPROVED
swp_269,acc_38,2025-05-15T12:00:00Z,TRAVEL,APPROVED
swp_270,acc_38,2025-04-13T12:00:00Z,ENTERTAINMENT,APPROVED
swp_271,acc_38,2025-05-02T12:00:00Z,TRAVEL,APPROVED
swp_272,acc_38,2025-04-28T12:00:00Z,DINING,APPROVED
swp_273,acc_38,2025-05-22T12:00:00Z,TRAVEL,APPROVED
swp_274,acc_39,2025-03-01T12:00:00Z,ENTERTAINMENT,APPROVED
swp_275,acc_39,2025-04-30T12:00:00Z,DINING,APPROVED
swp_276,acc_39,2025-04-16T12:00:00Z,DINING,APPROVED
swp_277,acc_39,2025-02-04T12:00:00Z,ENTERTAINMENT,APPROVED
swp_278,acc_39,2025-05-11T12:00:00Z,GROCERY,APPROVED
swp_279,acc_39,2025-03-09T12:00:00Z,ENTERTAINMENT,APPROVED
swp_280,acc_39,2025-04-07T12:00:00Z,TRAVEL,APPROVED
swp_281,acc_39,2025-05-21T12:00:00Z,ENTERTAINMENT,APPROVED
swp_282,acc_39,2025-04-09T12:00:00Z,GROCERY,APPROVED
swp_283,acc_39,2025-04-16T12:00:00Z,DINING,APPROVED
swp_284,acc_39,2025-03-17T12:00:00Z,GROCERY,APPROVED
swp_285,acc_39,2025-02-23T12:00:00Z,TRAVEL,APPROVED
swp_286,acc_39,2025-04-16T12:00:00Z,GROCERY,APPROVED
swp_287,acc_39,2025-04-24T12:00:00Z,GROCERY,APPROVED
swp_288,acc_39,2025-05-25T12:00:00Z,GROCERY,APPROVED
swp_289,acc_39,2025-03-26T12:00:00Z,ENTERTAINMENT,APPROVED
swp_290,acc_40,2025-02-27T12:00:00Z,TRAVEL,APPROVED
swp_291,acc_40,2025-02-03T12:00:00Z,GROCERY,DECLINED
swp_292,acc_40,2025-02-16T12:00:00Z,DINING,APPROVED
swp_293,acc_40,2025-05-05T12:00:00Z,DINING,APPROVED
swp_294,acc_40,2025-04-20T12:00:00Z,TRAVEL,APPROVED
swp_295,acc_40,2025-05-12T12:00:00Z,DINING,APPROVED
swp_296,acc_40,2025-02-24T12:00:00Z,TRAVEL,APPROVED
swp_297,acc_40,2025-03-30T12:00:00Z,DINING,APPROVED
swp_298,acc_40,2025-04-15T12:00:00Z,ENTERTAINMENT,APPROVED
swp_299,acc_40,2025-03-07T12:00:00Z,GROCERY,APPROVED
swp_300,acc_40,2025-02-25T12:00:00Z,GROCERY,APPROVED
swp_301,acc_40,2025-05-28T12:00:00Z,TRAVEL,APPROVED
swp_302,acc_40,2025-03-25T12:00:00Z,GROCERY,APPROVED
swp_303,acc_40,2025-04-29T12:00:00Z,TRAVEL,APPROVED
swp_304,acc_40,2025-04-12T12:00:00Z,TRAVEL,APPROVED
swp_305,acc_40,2025-05-20T12:00:00Z,TRAVEL,DECLINED
swp_306,acc_40,2025-04-19T12:00:00Z,TRAVEL,APPROVED
swp_307,acc_41,2025-05-02T12:00:00Z,ENTERTAINMENT,APPROVED
swp_308,acc_41,2025-02-16T12:00:00Z,TRAVEL,APPROVED
swp_309,acc_41,2025-05-05T12:00:00Z,GROCERY,APPROVED
swp_310,acc_41,2025-02-07T12:00:00Z,DINING,APPROVED
swp_311,acc_41,2025-04-03T12:00:00Z,ENTERTAINMENT,APPROVED
swp_312,acc_41,2025-03-11T12:00:00Z,TRAVEL,APPROVED
swp_313,acc_42,2025-03-24T12:00:00Z,ENTERTAINMENT,APPROVED
swp_314,acc_42,2025-03-09T12:00:00Z,ENTERTAINMENT,APPROVED
swp_315,acc_42,2025-04-21T12:00:00Z,DINING,APPROVED
swp_316,acc_42,2025-02-17T12:00:00Z,DINING,APPROVED
swp_317,acc_42,2025-05-04T12:00:00Z,ENTERTAINMENT,APPROVED
swp_318,acc_42,2025-02-03T12:00:00Z,ENTERTAINMENT,APPROVED
swp_319,acc_42,2025-05-01T12:00:00Z,DINING,APPROVED
swp_320,acc_42,2025-04-16T12:00:00Z,GROCERY,APPROVED
swp_321,acc_42,2025-02-13T12:00:00Z,ENTERTAINMENT,APPROVED
swp_322,acc_42,2025-02-09T12:00:00Z,GROCERY,APPROVED
swp_323,acc_42,2025-02-02T12:00:00Z,TRAVEL,APPROVED
swp_324,acc_42,2025-04-05T12:00:00Z,ENTERTAINMENT,APPROVED
swp_325,acc_42,2025-02-14T12:00:00Z,TRAVEL,APPROVED
swp_326,acc_42,2025-02-10T12:00:00Z,ENTERTAINMENT,APPROVED
swp_327,acc_42,2025-02-17T12:00:00Z,DINING,APPROVED
swp_328,acc_42,2025-03-22T12:00:00Z,TRAVEL,APPROVED
swp_329,acc_42,2025-04-01T12:00:00Z,GROCERY,APPROVED
swp_330,acc_43,2025-03-15T12:00:00Z,DINING,APPROVED
swp_331,acc_43,2025-02-22T12:00:00Z,DINING,APPROVED
swp_332,acc_43,2025-04-30T12:00:00Z,DINING,APPROVED
swp_333,acc_43,2025-05-02T12:00:00Z,ENTERTAINMENT,APPROVED
swp_334,acc_43,2025-05-30T12:00:00Z,GROCERY,APPROVED
swp_335,acc_43,2025-05-27T12:00:00Z,ENTERTAINMENT,APPROVED
swp_336,acc_43,2025-02-12T12:00:00Z,DINING,APPROVED
swp_337,acc_43,2025-03-10T12:00:00Z,DINING,APPROVED
swp_338,acc_43,2025-03-11T12:00:00Z,DINING,APPROVED
swp_339,acc_44,2025-03-03T12:00:00Z,GROCERY,APPROVED
swp_340,acc_44,2025-02-18T12:00:00Z,TRAVEL,APPROVED
swp_341,acc_44,2025-03-19T12:00:00Z,GROCERY,APPROVED
swp_342,acc_44,2025-03-15T12:00:00Z,ENTERTAINMENT,APPROVED
swp_343,acc_44,2025-02-24T12:00:00Z,GROCERY,APPROVED
swp_344,acc_44,2025-02-21T12:00:00Z,DINING,APPROVED
swp_345,acc_44,2025-04-25T12:00:00Z,ENTERTAINMENT,APPROVED
swp_346,acc_44,2025-03-30T12:00:00Z,ENTERTAINMENT,APPROVED
swp_347,acc_44,2025-03-01T12:00:00Z,GROCERY,APPROVED
swp_348,acc_44,2025-02-14T12:00:00Z,TRAVEL,DECLINED
swp_349,acc_44,2025-05-08T12:00:00Z,GROCERY,APPROVED
swp_350,acc_44,2025-02-22T12:00:00Z,ENTERTAINMENT,APPROVED
swp_351,acc_44,2025-04-24T12:00:00Z,GROCERY,APPROVED
swp_352,acc_44,2025-03-25T12:00:00Z,DINING,APPROVED
swp_353,acc_44,2025-03-20T12:00:00Z,ENTERTAINMENT,APPROVED
swp_354,acc_44,2025-04-08T12:00:00Z,DINING,APPROVED
swp_355,acc_45,2025-04-06T12:00:00Z,TRAVEL,APPROVED
swp_356,acc_45,2025-02-16T12:00:00Z,ENTERTAINMENT,APPROVED
swp_357,acc_45,2025-04-12T12:00:00Z,DINING,APPROVED
swp_358,acc_45,2025-05-06T12:00:00Z,ENTERTAINMENT,APPROVED
swp_359,acc_45,2025-05-17T12:00:00Z,GROCERY,APPROVED
swp_360,acc_45,2025-03-30T12:00:00Z,ENTERTAINMENT,APPROVED
swp_361,acc_45,2025-03-05T12:00:00Z,GROCERY,APPROVED
swp_362,acc_45,2025-05-29T12:00:00Z,GROCERY,APPROVED
swp_363,acc_45,2025-03-02T12:00:00Z,GROCERY,APPROVED
swp_364,acc_45,2025-05-02T12:00:00Z,ENTERTAINMENT,APPROVED
swp_365,acc_45,2025-05-25T12:00:00Z,TRAVEL,APPROVED
swp_366,acc_46,2025-02-03T12:00:00Z,ENTERTAINMENT,APPROVED
swp_367,acc_46,2025-04-04T12:00:00Z,ENTERTAINMENT,APPROVED
swp_368,acc_46,2025-02-09T12:00:00Z,DINING,APPROVED
swp_369,acc_47,2025-05-27T12:00:00Z,GROCERY,APPROVED
swp_370,acc_47,2025-05-01T12:00:00Z,ENTERTAINMENT,APPROVED
swp_371,acc_47,2025-05-20T12:00:00Z,ENTERTAINMENT,APPROVED
swp_372,acc_47,2025-05-11T12:00:00Z,ENTERTAINMENT,APPROVED
swp_373,acc_47,2025-05-15T12:00:00Z,DINING,APPROVED
swp_374,acc_47,2025-05-31T12:00:00Z,ENTERTAINMENT,APPROVED
swp_375,acc_48,2025-05-02T12:00:00Z,GROCERY,APPROVED
swp_376,acc_48,2025-02-24T12:00:00Z,ENTERTAINMENT,APPROVED
swp_377,acc_48,2025-03-13T12:00:00Z,GROCERY,APPROVED
swp_378,acc_48,2025-02-16T12:00:00Z,DINING,APPROVED
swp_379,acc_48,2025-05-19T12:00:00Z,ENTERTAINMENT,APPROVED
swp_380,acc_48,2025-04-20T12:00:00Z,ENTERTAINMENT,APPROVED
swp_381,acc_48,2025-03-12T12:00:00Z,ENTERTAINMENT,APPROVED
swp_382,acc_48,2025-03-01T12:00:00Z,TRAVEL,APPROVED
swp_383,acc_48,2025-03-10T12:00:00Z,GROCERY,APPROVED
swp_384,acc_49,2025-05-23T12:00:00Z,TRAVEL,APPROVED
swp_385,acc_49,2025-04-23T12:00:00Z,GROCERY,APPROVED
swp_386,acc_49,2025-03-26T12:00:00Z,GROCERY,APPROVED
swp_387,acc_49,2025-02-21T12:00:00Z,TRAVEL,APPROVED
swp_388,acc_49,2025-04-21T12:00:00Z,DINING,APPROVED
swp_389,acc_49,2025-03-26T12:00:00Z,GROCERY,APPROVED
swp_390,acc_49,2025-04-02T12:00:00Z,GROCERY,APPROVED
swp_391,acc_49,2025-04-13T12:00:00Z,TRAVEL,APPROVED
swp_392,acc_49,2025-05-02T12:00:00Z,ENTERTAINMENT,APPROVED
swp_393,acc_49,2025-02-17T12:00:00Z,TRAVEL,APPROVED
swp_394,acc_49,2025-02-26T12:00:00Z,GROCERY,APPROVED
swp_395,acc_49,2025-04-04T12:00:00Z,DINING,DECLINED
swp_396,acc_50,2025-05-14T12:00:00Z,GROCERY,APPROVED
swp_397,acc_50,2025-03-25T12:00:00Z,TRAVEL,APPROVED
swp_398,acc_50,2025-04-20T12:00:00Z,ENTERTAINMENT,APPROVED
swp_399,acc_50,2025-04-12T12:00:00Z,GROCERY,APPROVED
swp_400,acc_50,2025-04-07T12:00:00Z,GROCERY,APPROVED
swp_401,acc_51,2025-03-01T12:00:00Z,ENTERTAINMENT,APPROVED
swp_402,acc_51,2025-06-01T12:00:00Z,DINING,APPROVED
swp_403,acc_51,2025-05-27T12:00:00Z,DINING,APPROVED
swp_404,acc_51,2025-05-01T12:00:00Z,ENTERTAINMENT,APPROVED
swp_405,acc_51,2025-04-26T12:00:00Z,TRAVEL,APPROVED
swp_406,acc_51,2025-03-09T12:00:00Z,GROCERY,APPROVED
swp_407,acc_51,2025-05-16T12:00:00Z,GROCERY,APPROVED
swp_408,acc_52,2025-05-13T12:00:00Z,ENTERTAINMENT,APPROVED
swp_409,acc_52,2025-03-22T12:00:00Z,ENTERTAINMENT,APPROVED
swp_410,acc_52,2025-04-08T12:00:00Z,TRAVEL,APPROVED
swp_411,acc_52,2025-05-23T12:00:00Z,TRAVEL,APPROVED
swp_412,acc_52,2025-03-10T12:00:00Z,DINING,APPROVED
swp_413,acc_52,2025-05-19T12:00:00Z,GROCERY,APPROVED
swp_414,acc_52,2025-05-08T12:00:00Z,DINING,APPROVED
swp_415,acc_52,2025-04-30T12:00:00Z,TRAVEL,APPROVED
swp_416,acc_52,2025-02-04T12:00:00Z,TRAVEL,APPROVED
swp_417,acc_52,2025-04-04T12:00:00Z,GROCERY,APPROVED
swp_418,acc_52,2025-03-01T12:00:00Z,TRAVEL,APPROVED
swp_419,acc_52,2025-03-26T12:00:00Z,ENTERTAINMENT,APPROVED
swp_420,acc_53,2025-02-23T12:00:00Z,ENTERTAINMENT,APPROVED
swp_421,acc_53,2025-04-23T12:00:00Z,DINING,APPROVED
swp_422,acc_53,2025-04-08T12:00:00Z,GROCERY,APPROVED
swp_423,acc_53,2025-03-02T12:00:00Z,ENTERTAINMENT,APPROVED
swp_424,acc_53,2025-05-18T12:00:00Z,DINING,APPROVED
swp_425,acc_53,2025-05-23T12:00:00Z,GROCERY,APPROVED
swp_426,acc_53,2025-02-06T12:00:00Z,DINING,APPROVED
swp_427,acc_53,2025-02-16T12:00:00Z,TRAVEL,APPROVED
swp_428,acc_53,2025-05-26T12:00:00Z,ENTERTAINMENT,APPROVED
swp_429,acc_53,2025-04-19T12:00:00Z,DINING,APPROVED
swp_430,acc_53,2025-05-01T12:00:00Z,TRAVEL,APPROVED
swp_431,acc_53,2025-03-22T12:00:00Z,GROCERY,APPROVED
swp_432,acc_54,2025-02-04T12:00:00Z,TRAVEL,APPROVED
swp_433,acc_54,2025-02-02T12:00:00Z,GROCERY,APPROVED
swp_434,acc_54,2025-05-22T12:00:00Z,GROCERY,APPROVED
swp_435,acc_54,2025-03-21T12:00:00Z,DINING,APPROVED
swp_436,acc_54,2025-02-09T12:00:00Z,ENTERTAINMENT,APPROVED
swp_437,acc_54,2025-02-28T12:00:00Z,DINING,APPROVED
swp_438,acc_54,2025-02-08T12:00:00Z,TRAVEL,APPROVED
swp_439,acc_54,2025-03-17T12:00:00Z,TRAVEL,APPROVED
swp_440,acc_54,2025-03-18T12:00:00Z,ENTERTAINMENT,APPROVED
swp_441,acc_54,2025-02-27T12:00:00Z,TRAVEL,APPROVED
swp_442,acc_54,2025-02-09T12:00:00Z,ENTERTAINMENT,APPROVED
swp_443,acc_54,2025-02-16T12:00:00Z,ENTERTAINMENT,APPROVED
swp_444,acc_54,2025-03-16T12:00:00Z,DINING,APPROVED
swp_445,acc_54,2025-02-10T12:00:00Z,TRAVEL,APPROVED
swp_446,acc_55,2025-05-05T12:00:00Z,DINING,APPROVED
swp_447,acc_55,2025-04-05T12:00:00Z,ENTERTAINMENT,APPROVED
swp_448,acc_55,2025-04-13T12:00:00Z,GROCERY,APPROVED
swp_449,acc_55,2025-02-26T12:00:00Z,DINING,APPROVED
swp_450,acc_55,2025-03-20T12:00:00Z,GROCERY,APPROVED
swp_451,acc_55,2025-04-10T12:00:00Z,TRAVEL,APPROVED
swp_452,acc_55,2025-02-12T12:00:00Z,TRAVEL,APPROVED
swp_453,acc_55,2025-02-27T12:00:00Z,DINING,APPROVED
swp_454,acc_55,2025-03-23T12:00:00Z,GROCERY,APPROVED
swp_455,acc_55,2025-05-14T12:00:00Z,TRAVEL,APPROVED
swp_456,acc_55,2025-04-26T12:00:00Z,GROCERY,APPROVED
swp_457,acc_55,2025-02-18T12:00:00Z,DINING,APPROVED
swp_458,acc_55,2025-02-21T12:00:00Z,DINING,APPROVED
swp_459,acc_55,2025-03-21T12:00:00Z,TRAVEL,APPROVED
swp_460,acc_55,2025-04-30T12:00:00Z,DINING,APPROVED
swp_461,acc_56,2025-04-17T12:00:00Z,TRAVEL,APPROVED
swp_462,acc_56,2025-05-03T12:00:00Z,GROCERY,APPROVED
swp_463,acc_56,2025-03-10T12:00:00Z,DINING,APPROVED
swp_464,acc_56,2025-03-27T12:00:00Z,TRAVEL,APPROVED
swp_465,acc_56,2025-04-28T12:00:00Z,DINING,APPROVED
swp_466,acc_56,2025-02-07T12:00:00Z,TRAVEL,APPROVED
swp_467,acc_56,2025-04-10T12:00:00Z,ENTERTAINMENT,APPROVED
swp_468,acc_56,2025-02-27T12:00:00Z,GROCERY,APPROVED
swp_469,acc_56,2025-05-02T12:00:00Z,TRAVEL,APPROVED
swp_470,acc_57,2025-03-12T12:00:00Z,DINING,APPROVED
swp_471,acc_57,2025-02-20T12:00:00Z,GROCERY,APPROVED
swp_472,acc_57,2025-02-20T12:00:00Z,TRAVEL,APPROVED
swp_473,acc_57,2025-05-29T12:00:00Z,TRAVEL,APPROVED
swp_474,acc_57,2025-02-06T12:00:00Z,GROCERY,APPROVED
swp_475,acc_57,2025-05-04T12:00:00Z,GROCERY,APPROVED
swp_476,acc_57,2025-05-28T12:00:00Z,DINING,APPROVED
swp_477,acc_57,2025-05-13T12:00:00Z,TRAVEL,APPROVED
swp_478,acc_57,2025-02-25T12:00:00Z,GROCERY,APPROVED
swp_479,acc_58,2025-03-24T12:00:00Z,GROCERY,APPROVED
swp_480,acc_58,2025-03-14T12:00:00Z,ENTERTAINMENT,APPROVED
swp_481,acc_58,2025-05-05T12:00:00Z,GROCERY,APPROVED
swp_482,acc_58,2025-03-04T12:00:00Z,ENTERTAINMENT,APPROVED
swp_483,acc_58,2025-03-16T12:00:00Z,DINING,DECLINED
swp_484,acc_58,2025-02-17T12:00:00Z,TRAVEL,APPROVED
swp_485,acc_58,2025-03-26T12:00:00Z,TRAVEL,APPROVED
swp_486,acc_58,2025-04-08T12:00:00Z,GROCERY,APPROVED
swp_487,acc_58,2025-03-03T12:00:00Z,DINING,APPROVED
swp_488,acc_58,2025-02-11T12:00:00Z,ENTERTAINMENT,APPROVED
swp_489,acc_58,2025-02-18T12:00:00Z,GROCERY,APPROVED
swp_490,acc_58,2025-02-17T12:00:00Z,ENTERTAINMENT,APPROVED
swp_491,acc_58,2025-03-17T12:00:00Z,DINING,APPROVED
swp_492,acc_58,2025-02-24T12:00:00Z,DINING,APPROVED
swp_493,acc_58,2025-02-19T12:00:00Z,ENTERTAINMENT,APPROVED
swp_494,acc_58,2025-05-05T12:00:00Z,ENTERTAINMENT,APPROVED
swp_495,acc_59,2025-05-09T12:00:00Z,DINING,APPROVED
swp_496,acc_59,2025-04-15T12:00:00Z,ENTERTAINMENT,APPROVED
swp_497,acc_59,2025-04-06T12:00:00Z,ENTERTAINMENT,APPROVED
swp_498,acc_59,2025-04-15T12:00:00Z,ENTERTAINMENT,APPROVED
swp_499,acc_59,2025-05-06T12:00:00Z,GROCERY,APPROVED
swp_500,acc_59,2025-05-13T12:00:00Z,GROCERY,APPROVED
swp_501,acc_59,2025-04-16T12:00:00Z,DINING,APPROVED
swp_502,acc_59,2025-05-12T12:00:00Z,DINING,APPROVED
swp_503,acc_59,2025-04-26T12:00:00Z,GROCERY,APPROVED
swp_504,acc_59,2025-02-11T12:00:00Z,TRAVEL,APPROVED
swp_505,acc_59,2025-04-20T12:00:00Z,GROCERY,APPROVED
swp_506,acc_60,2025-05-20T12:00:00Z,TRAVEL,APPROVED
swp_507,acc_60,2025-04-26T12:00:00Z,ENTERTAINMENT,APPROVED
swp_508,acc_60,2025-03-26T12:00:00Z,ENTERTAINMENT,APPROVED
swp_509,acc_60,2025-03-07T12:00:00Z,ENTERTAINMENT,APPROVED
swp_510,acc_60,2025-05-02T12:00:00Z,ENTERTAINMENT,APPROVED
swp_511,acc_60,2025-05-30T12:00:00Z,DINING,APPROVED
swp_512,acc_60,2025-02-04T12:00:00Z,DINING,APPROVED
swp_513,acc_60,2025-04-25T12:00:00Z,TRAVEL,APPROVED
swp_514,acc_60,2025-02-07T12:00:00Z,TRAVEL,APPROVED
swp_515,acc_60,2025-05-16T12:00:00Z,DINING,APPROVED
swp_516,acc_60,2025-02-11T12:00:00Z,GROCERY,APPROVED
swp_517,acc_60,2025-02-09T12:00:00Z,GROCERY,APPROVED
swp_518,acc_60,2025-03-22T12:00:00Z,GROCERY,APPROVED
swp_519,acc_60,2025-04-04T12:00:00Z,GROCERY,APPROVED
swp_520,acc_60,2025-04-19T12:00:00Z,ENTERTAINMENT,APPROVED
swp_521,acc_61,2025-04-11T12:00:00Z,TRAVEL,APPROVED
swp_522,acc_61,2025-02-23T12:00:00Z,DINING,APPROVED
swp_523,acc_61,2025-05-08T12:00:00Z,GROCERY,APPROVED
swp_524,acc_61,2025-04-20T12:00:00Z,TRAVEL,APPROVED
swp_525,acc_61,2025-02-18T12:00:00Z,GROCERY,APPROVED
swp_526,acc_62,2025-04-04T12:00:00Z,DINING,APPROVED
swp_527,acc_62,2025-04-14T12:00:00Z,ENTERTAINMENT,DECLINED
swp_528,acc_62,2025-05-16T12:00:00Z,GROCERY,APPROVED
swp_529,acc_62,2025-05-17T12:00:00Z,TRAVEL,APPROVED
swp_530,acc_62,2025-04-20T12:00:00Z,ENTERTAINMENT,APPROVED
swp_531,acc_62,2025-02-18T12:00:00Z,TRAVEL,APPROVED
swp_532,acc_62,2025-02-22T12:00:00Z,ENTERTAINMENT,DECLINED
swp_533,acc_63,2025-05-17T12:00:00Z,GROCERY,APPROVED
swp_534,acc_63,2025-02-25T12:00:00Z,DINING,APPROVED
swp_535,acc_63,2025-03-01T12:00:00Z,ENTERTAINMENT,APPROVED
swp_536,acc_63,2025-02-22T12:00:00Z,TRAVEL,APPROVED
swp_537,acc_63,2025-04-30T12:00:00Z,TRAVEL,APPROVED
swp_538,acc_63,2025-02-18T12:00:00Z,ENTERTAINMENT,APPROVED
swp_539,acc_63,2025-02-18T12:00:00Z,GROCERY,APPROVED
swp_540,acc_63,2025-02-18T12:00:00Z,TRAVEL,APPROVED
swp_541,acc_64,2025-03-21T12:00:00Z,TRAVEL,APPROVED
swp_542,acc_64,2025-02-11T12:00:00Z,TRAVEL,APPROVED
swp_543,acc_64,2025-04-15T12:00:00Z,ENTERTAINMENT,APPROVED
swp_544,acc_64,2025-03-03T12:00:00Z,TRAVEL,APPROVED
swp_545,acc_64,2025-05-28T12:00:00Z,GROCERY,APPROVED
swp_546,acc_64,2025-05-21T12:00:00Z,DINING,APPROVED
swp_547,acc_65,2025-05-27T12:00:00Z,TRAVEL,APPROVED
swp_548,acc_65,2025-05-23T12:00:00Z,DINING,DECLINED
swp_549,acc_65,2025-05-09T12:00:00Z,GROCERY,APPROVED
swp_550,acc_65,2025-04-26T12:00:00Z,ENTERTAINMENT,APPROVED
swp_551,acc_65,2025-03-18T12:00:00Z,GROCERY,APPROVED
swp_552,acc_65,2025-02-09T12:00:00Z,TRAVEL,APPROVED
swp_553,acc_66,2025-04-11T12:00:00Z,TRAVEL,APPROVED
swp_554,acc_66,2025-05-30T12:00:00Z,TRAVEL,APPROVED
swp_555,acc_66,2025-05-28T12:00:00Z,ENTERTAINMENT,APPROVED
swp_556,acc_66,2025-02-06T12:00:00Z,DINING,APPROVED
swp_557,acc_66,2025-03-22T12:00:00Z,GROCERY,APPROVED
swp_558,acc_66,2025-04-19T12:00:00Z,ENTERTAINMENT,APPROVED
swp_559,acc_66,2025-04-15T12:00:00Z,GROCERY,APPROVED
swp_560,acc_66,2025-05-18T12:00:00Z,GROCERY,APPROVED
swp_561,acc_66,2025-05-07T12:00:00Z,DINING,APPROVED
swp_562,acc_67,2025-03-11T12:00:00Z,TRAVEL,APPROVED
swp_563,acc_67,2025-04-18T12:00:00Z,GROCERY,APPROVED
swp_564,acc_67,2025-03-19T12:00:00Z,DINING,APPROVED
swp_565,acc_68,2025-05-03T12:00:00Z,GROCERY,APPROVED
swp_566,acc_68,2025-02-25T12:00:00Z,GROCERY,APPROVED
swp_567,acc_68,2025-05-09T12:00:00Z,ENTERTAINMENT,APPROVED
swp_568,acc_68,2025-05-23T12:00:00Z,ENTERTAINMENT,APPROVED
swp_569,acc_68,2025-03-31T12:00:00Z,ENTERTAINMENT,APPROVED
swp_570,acc_68,2025-03-27T12:00:00Z,TRAVEL,APPROVED
swp_571,acc_69,2025-05-23T12:00:00Z,TRAVEL,APPROVED
swp_572,acc_69,2025-05-28T12:00:00Z,TRAVEL,APPROVED
swp_573,acc_69,2025-02-26T12:00:00Z,DINING,APPROVED
swp_574,acc_69,2025-04-09T12:00:00Z,ENTERTAINMENT,APPROVED
swp_575,acc_69,2025-02-17T12:00:00Z,ENTERTAINMENT,APPROVED
swp_576,acc_69,2025-03-25T12:00:00Z,GROCERY,APPROVED
swp_577,acc_69,2025-06-01T12:00:00Z,GROCERY,APPROVED
swp_578,acc_69,2025-05-08T12:00:00Z,ENTERTAINMENT,APPROVED
swp_579,acc_69,2025-02-23T12:00:00Z,ENTERTAINMENT,APPROVED
swp_580,acc_69,2025-04-24T12:00:00Z,DINING,APPROVED
swp_581,acc_69,2025-05-14T12:00:00Z,DINING,APPROVED
swp_582,acc_69,2025-02-15T12:00:00Z,ENTERTAINMENT,APPROVED
swp_583,acc_69,2025-04-19T12:00:00Z,DINING,APPROVED
swp_584,acc_70,2025-05-02T12:00:00Z,TRAVEL,APPROVED
swp_585,acc_70,2025-02-12T12:00:00Z,DINING,APPROVED
swp_586,acc_70,2025-03-29T12:00:00Z,GROCERY,APPROVED
swp_587,acc_70,2025-05-18T12:00:00Z,TRAVEL,APPROVED
swp_588,acc_70,2025-02-21T12:00:00Z,DINING,APPROVED
swp_589,acc_70,2025-02-08T12:00:00Z,DINING,APPROVED
swp_590,acc_70,2025-05-22T12:00:00Z,TRAVEL,APPROVED
swp_591,acc_70,2025-05-26T12:00:00Z,GROCERY,APPROVED
swp_592,acc_70,2025-02-25T12:00:00Z,DINING,APPROVED
swp_593,acc_70,2025-05-02T12:00:00Z,GROCERY,APPROVED
swp_594,acc_70,2025-03-05T12:00:00Z,GROCERY,APPROVED
swp_595,acc_70,2025-03-21T12:00:00Z,TRAVEL,APPROVED
swp_596,acc_70,2025-05-01T12:00:00Z,TRAVEL,APPROVED
swp_597,acc_71,2025-02-19T12:00:00Z,GROCERY,APPROVED
swp_598,acc_71,2025-05-31T12:00:00Z,DINING,APPROVED
swp_599,acc_71,2025-05-13T12:00:00Z,ENTERTAINMENT,APPROVED
swp_600,acc_71,2025-05-22T12:00:00Z,TRAVEL,APPROVED
swp_601,acc_71,2025-03-21T12:00:00Z,TRAVEL,APPROVED
swp_602,acc_71,2025-05-04T12:00:00Z,DINING,APPROVED
swp_603,acc_71,2025-05-21T12:00:00Z,ENTERTAINMENT,APPROVED
swp_604,acc_71,2025-02-13T12:00:00Z,TRAVEL,APPROVED
swp_605,acc_71,2025-02-22T12:00:00Z,TRAVEL,APPROVED
swp_606,acc_71,2025-05-05T12:00:00Z,DINING,APPROVED
swp_607,acc_71,2025-05-26T12:00:00Z,ENTERTAINMENT,APPROVED
swp_608,acc_72,2025-03-10T12:00:00Z,DINING,APPROVED
swp_609,acc_72,2025-02-03T12:00:00Z,DINING,APPROVED
swp_610,acc_72,2025-05-01T12:00:00Z,TRAVEL,APPROVED
swp_611,acc_72,2025-04-06T12:00:00Z,GROCERY,APPROVED
swp_612,acc_72,2025-05-15T12:00:00Z,ENTERTAINMENT,APPROVED
swp_613,acc_72,2025-05-08T12:00:00Z,GROCERY,APPROVED
swp_614,acc_72,2025-04-19T12:00:00Z,TRAVEL,APPROVED
swp_615,acc_72,2025-03-21T12:00:00Z,TRAVEL,APPROVED
swp_616,acc_72,2025-02-17T12:00:00Z,GROCERY,APPROVED
swp_617,acc_72,2025-03-06T12:00:00Z,TRAVEL,APPROVED
swp_618,acc_72,2025-04-16T12:00:00Z,GROCERY,APPROVED
swp_619,acc_72,2025-03-28T12:00:00Z,GROCERY,APPROVED
swp_620,acc_72,2025-04-30T12:00:00Z,TRAVEL,APPROVED
swp_621,acc_72,2025-03-23T12:00:00Z,DINING,APPROVED
swp_622,acc_72,2025-05-25T12:00:00Z,ENTERTAINMENT,APPROVED
swp_623,acc_72,2025-04-11T12:00:00Z,GROCERY,APPROVED
swp_624,acc_72,2025-03-13T12:00:00Z,ENTERTAINMENT,APPROVED
swp_625,acc_73,2025-04-09T12:00:00Z,GROCERY,APPROVED
swp_626,acc_73,2025-05-21T12:00:00Z,TRAVEL,APPROVED
swp_627,acc_73,2025-05-02T12:00:00Z,ENTERTAINMENT,APPROVED
swp_628,acc_73,2025-04-21T12:00:00Z,ENTERTAINMENT,APPROVED
swp_629,acc_73,2025-03-01T12:00:00Z,GROCERY,APPROVED
swp_630,acc_73,2025-03-14T12:00:00Z,DINING,APPROVED
swp_631,acc_73,2025-05-14T12:00:00Z,TRAVEL,APPROVED
swp_632,acc_73,2025-04-20T12:00:00Z,GROCERY,APPROVED
swp_633,acc_73,2025-02-22T12:00:00Z,DINING,APPROVED
swp_634,acc_73,2025-02-27T12:00:00Z,ENTERTAINMENT,DECLINED
swp_635,acc_73,2025-02-13T12:00:00Z,GROCERY,APPROVED
swp_636,acc_73,2025-03-02T12:00:00Z,GROCERY,APPROVED
swp_637,acc_74,2025-05-23T12:00:00Z,ENTERTAINMENT,APPROVED
swp_638,acc_74,2025-05-12T12:00:00Z,GROCERY,APPROVED
swp_639,acc_74,2025-05-05T12:00:00Z,TRAVEL,APPROVED
swp_640,acc_74,2025-02-16T12:00:00Z,GROCERY,APPROVED
swp_641,acc_74,2025-03-17T12:00:00Z,ENTERTAINMENT,APPROVED
swp_642,acc_74,2025-02-28T12:00:00Z,DINING,APPROVED
swp_643,acc_74,2025-05-02T12:00:00Z,ENTERTAINMENT,APPROVED
swp_644,acc_74,2025-05-25T12:00:00Z,DINING,APPROVED
swp_645,acc_74,2025-03-31T12:00:00Z,ENTERTAINMENT,APPROVED
swp_646,acc_74,2025-04-28T12:00:00Z,TRAVEL,APPROVED
swp_647,acc_74,2025-05-28T12:00:00Z,DINING,APPROVED
swp_648,acc_74,2025-02-25T12:00:00Z,DINING,APPROVED
swp_649,acc_74,2025-05-22T12:00:00Z,GROCERY,APPROVED
swp_650,acc_74,2025-05-17T12:00:00Z,ENTERTAINMENT,APPROVED
swp_651,acc_74,2025-04-23T12:00:00Z,TRAVEL,APPROVED
swp_652,acc_74,2025-04-16T12:00:00Z,ENTERTAINMENT,APPROVED
swp_653,acc_75,2025-05-04T12:00:00Z,GROCERY,APPROVED
swp_654,acc_75,2025-03-04T12:00:00Z,TRAVEL,APPROVED
swp_655,acc_75,2025-02-22T12:00:00Z,GROCERY,APPROVED
swp_656,acc_75,2025-04-11T12:00:00Z,DINING,APPROVED
swp_657,acc_75,2025-05-27T12:00:00Z,ENTERTAINMENT,APPROVED
swp_658,acc_75,2025-02-09T12:00:00Z,GROCERY,APPROVED
swp_659,acc_75,2025-05-07T12:00:00Z,ENTERTAINMENT,APPROVED
swp_660,acc_75,2025-02-26T12:00:00Z,DINING,APPROVED
swp_661,acc_75,2025-02-06T12:00:00Z,TRAVEL,APPROVED
swp_662,acc_75,2025-02-12T12:00:00Z,TRAVEL,APPROVED
swp_663,acc_75,2025-02-15T12:00:00Z,ENTERTAINMENT,APPROVED
swp_664,acc_75,2025-04-15T12:00:00Z,DINING,APPROVED
swp_665,acc_75,2025-03-08T12:00:00Z,GROCERY,APPROVED
swp_666,acc_75,2025-03-11T12:00:00Z,DINING,APPROVED
swp_667,acc_75,2025-03-01T12:00:00Z,GROCERY,APPROVED
swp_668,acc_75,2025-02-14T12:00:00Z,GROCERY,APPROVED
swp_669,acc_76,2025-04-23T12:00:00Z,TRAVEL,APPROVED
swp_670,acc_76,2025-04-29T12:00:00Z,GROCERY,APPROVED
swp_671,acc_76,2025-03-03T12:00:00Z,DINING,APPROVED
swp_672,acc_76,2025-03-05T12:00:00Z,ENTERTAINMENT,APPROVED
swp_673,acc_76,2025-03-10T12:00:00Z,GROCERY,APPROVED
swp_674,acc_76,2025-02-14T12:00:00Z,TRAVEL,APPROVED
swp_675,acc_76,2025-02-13T12:00:00Z,DINING,APPROVED
swp_676,acc_76,2025-03-07T12:00:00Z,DINING,APPROVED
swp_677,acc_76,2025-02-26T12:00:00Z,GROCERY,APPROVED
swp_678,acc_76,2025-02-12T12:00:00Z,DINING,APPROVED
swp_679,acc_76,2025-05-12T12:00:00Z,DINING,APPROVED
swp_680,acc_76,2025-05-19T12:00:00Z,GROCERY,APPROVED
swp_681,acc_76,2025-04-26T12:00:00Z,DINING,APPROVED
swp_682,acc_76,2025-05-13T12:00:00Z,GROCERY,APPROVED
swp_683,acc_76,2025-03-02T12:00:00Z,DINING,APPROVED
swp_684,acc_77,2025-03-31T12:00:00Z,GROCERY,APPROVED
swp_685,acc_77,2025-04-21T12:00:00Z,ENTERTAINMENT,APPROVED
swp_686,acc_77,2025-03-17T12:00:00Z,TRAVEL,APPROVED
swp_687,acc_77,2025-03-09T12:00:00Z,ENTERTAINMENT,APPROVED
swp_688,acc_77,2025-05-28T12:00:00Z,TRAVEL,APPROVED
swp_689,acc_77,2025-05-06T12:00:00Z,DINING,APPROVED
swp_690,acc_77,2025-04-11T12:00:00Z,GROCERY,APPROVED
swp_691,acc_77,2025-02-15T12:00:00Z,GROCERY,APPROVED
swp_692,acc_77,2025-03-25T12:00:00Z,ENTERTAINMENT,APPROVED
swp_693,acc_77,2025-03-07T12:00:00Z,DINING,APPROVED
swp_694,acc_78,2025-02-05T12:00:00Z,ENTERTAINMENT,APPROVED
swp_695,acc_78,2025-02-26T12:00:00Z,TRAVEL,APPROVED
swp_696,acc_78,2025-05-31T12:00:00Z,ENTERTAINMENT,APPROVED
swp_697,acc_78,2025-03-09T12:00:00Z,GROCERY,APPROVED
swp_698,acc_78,2025-04-18T12:00:00Z,DINING,APPROVED
swp_699,acc_78,2025-03-20T12:00:00Z,ENTERTAINMENT,APPROVED
swp_700,acc_78,2025-04-18T12:00:00Z,ENTERTAINMENT,APPROVED
swp_701,acc_78,2025-03-06T12:00:00Z,DINING,APPROVED
swp_702,acc_78,2025-03-18T12:00:00Z,GROCERY,APPROVED
swp_703,acc_79,2025-02-05T12:00:00Z,DINING,APPROVED
swp_704,acc_79,2025-03-16T12:00:00Z,GROCERY,APPROVED
swp_705,acc_79,2025-02-04T12:00:00Z,GROCERY,APPROVED
swp_706,acc_79,2025-03-15T12:00:00Z,DINING,APPROVED
swp_707,acc_79,2025-04-10T12:00:00Z,TRAVEL,APPROVED
swp_708,acc_79,2025-04-26T12:00:00Z,TRAVEL,APPROVED
swp_709,acc_79,2025-02-11T12:00:00Z,DINING,APPROVED
swp_710,acc_80,2025-03-22T12:00:00Z,TRAVEL,APPROVED
swp_711,acc_80,2025-02-19T12:00:00Z,DINING,APPROVED
swp_712,acc_80,2025-05-27T12:00:00Z,TRAVEL,APPROVED
swp_713,acc_80,2025-03-13T12:00:00Z,TRAVEL,APPROVED
swp_714,acc_80,2025-05-14T12:00:00Z,GROCERY,APPROVED
swp_715,acc_80,2025-05-31T12:00:00Z,DINING,APPROVED
swp_716,acc_80,2025-02-03T12:00:00Z,ENTERTAINMENT,APPROVED
swp_717,acc_80,2025-04-16T12:00:00Z,ENTERTAINMENT,APPROVED
swp_718,acc_80,2025-05-29T12:00:00Z,GROCERY,APPROVED
swp_719,acc_80,2025-05-13T12:00:00Z,TRAVEL,APPROVED
swp_720,acc_81,2025-04-01T12:00:00Z,DINING,APPROVED
swp_721,acc_81,2025-05-10T12:00:00Z,DINING,APPROVED
swp_722,acc_81,2025-03-22T12:00:00Z,GROCERY,APPROVED
swp_723,acc_81,2025-05-10T12:00:00Z,TRAVEL,APPROVED
swp_724,acc_81,2025-04-22T12:00:00Z,GROCERY,APPROVED
swp_725,acc_81,2025-05-20T12:00:00Z,GROCERY,APPROVED
swp_726,acc_81,2025-03-26T12:00:00Z,DINING,APPROVED
swp_727,acc_81,2025-05-16T12:00:00Z,DINING,APPROVED
swp_728,acc_81,2025-04-18T12:00:00Z,DINING,APPROVED
swp_729,acc_82,2025-03-29T12:00:00Z,GROCERY,APPROVED
swp_730,acc_82,2025-03-21T12:00:00Z,ENTERTAINMENT,APPROVED
swp_731,acc_82,2025-05-31T12:00:00Z,TRAVEL,APPROVED
swp_732,acc_82,2025-02-15T12:00:00Z,DINING,APPROVED
swp_733,acc_82,2025-03-18T12:00:00Z,TRAVEL,APPROVED
swp_734,acc_82,2025-04-29T12:00:00Z,GROCERY,APPROVED
swp_735,acc_82,2025-03-04T12:00:00Z,GROCERY,APPROVED
swp_736,acc_82,2025-05-29T12:00:00Z,ENTERTAINMENT,APPROVED
swp_737,acc_82,2025-04-21T12:00:00Z,GROCERY,APPROVED
swp_738,acc_83,2025-03-10T12:00:00Z,GROCERY,APPROVED
swp_739,acc_83,2025-02-28T12:00:00Z,GROCERY,APPROVED
swp_740,acc_83,2025-02-20T12:00:00Z,DINING,APPROVED
swp_741,acc_83,2025-05-03T12:00:00Z,GROCERY,APPROVED
swp_742,acc_83,2025-02-26T12:00:00Z,ENTERTAINMENT,APPROVED
swp_743,acc_83,2025-02-21T12:00:00Z,DINING,APPROVED
swp_744,acc_83,2025-04-10T12:00:00Z,ENTERTAINMENT,APPROVED
swp_745,acc_83,2025-03-27T12:00:00Z,DINING,APPROVED
swp_746,acc_83,2025-02-05T12:00:00Z,ENTERTAINMENT,APPROVED
swp_747,acc_83,2025-04-19T12:00:00Z,ENTERTAINMENT,APPROVED
swp_748,acc_83,2025-03-01T12:00:00Z,GROCERY,APPROVED
swp_749,acc_83,2025-03-10T12:00:00Z,TRAVEL,APPROVED
swp_750,acc_84,2025-03-03T12:00:00Z,GROCERY,APPROVED
swp_751,acc_84,2025-03-05T12:00:00Z,DINING,APPROVED
swp_752,acc_84,2025-05-26T12:00:00Z,GROCERY,DECLINED
swp_753,acc_84,2025-05-23T12:00:00Z,DINING,APPROVED
swp_754,acc_84,2025-05-21T12:00:00Z,GROCERY,APPROVED
swp_755,acc_84,2025-03-02T12:00:00Z,GROCERY,APPROVED
swp_756,acc_84,2025-05-11T12:00:00Z,ENTERTAINMENT,APPROVED
swp_757,acc_84,2025-05-15T12:00:00Z,TRAVEL,APPROVED
swp_758,acc_84,2025-05-20T12:00:00Z,ENTERTAINMENT,APPROVED
swp_759,acc_84,2025-05-27T12:00:00Z,GROCERY,APPROVED
swp_760,acc_84,2025-02-08T12:00:00Z,ENTERTAINMENT,APPROVED
swp_761,acc_84,2025-02-05T12:00:00Z,TRAVEL,APPROVED
swp_762,acc_84,2025-04-10T12:00:00Z,TRAVEL,APPROVED
swp_763,acc_84,2025-02-11T12:00:00Z,TRAVEL,APPROVED
swp_764,acc_84,2025-04-08T12:00:00Z,TRAVEL,APPROVED
swp_765,acc_85,2025-05-29T12:00:00Z,DINING,APPROVED
swp_766,acc_85,2025-03-09T12:00:00Z,ENTERTAINMENT,APPROVED
swp_767,acc_85,2025-04-22T12:00:00Z,ENTERTAINMENT,APPROVED
swp_768,acc_85,2025-05-27T12:00:00Z,TRAVEL,APPROVED
swp_769,acc_85,2025-02-17T12:00:00Z,TRAVEL,APPROVED
swp_770,acc_85,2025-04-29T12:00:00Z,GROCERY,APPROVED
swp_771,acc_85,2025-03-29T12:00:00Z,ENTERTAINMENT,APPROVED
swp_772,acc_85,2025-05-29T12:00:00Z,GROCERY,APPROVED
swp_773,acc_85,2025-05-03T12:00:00Z,TRAVEL,APPROVED
swp_774,acc_85,2025-06-01T12:00:00Z,DINING,APPROVED
swp_775,acc_86,2025-02-13T12:00:00Z,GROCERY,APPROVED
swp_776,acc_86,2025-03-20T12:00:00Z,GROCERY,APPROVED
swp_777,acc_86,2025-05-22T12:00:00Z,DINING,APPROVED
swp_778,acc_86,2025-05-09T12:00:00Z,TRAVEL,APPROVED
swp_779,acc_86,2025-04-20T12:00:00Z,DINING,APPROVED
swp_780,acc_86,2025-04-24T12:00:00Z,DINING,APPROVED
swp_781,acc_86,2025-03-01T12:00:00Z,DINING,APPROVED
swp_782,acc_86,2025-02-24T12:00:00Z,TRAVEL,APPROVED
swp_783,acc_86,2025-05-11T12:00:00Z,TRAVEL,APPROVED
swp_784,acc_86,2025-05-21T12:00:00Z,ENTERTAINMENT,APPROVED
swp_785,acc_86,2025-02-27T12:00:00Z,TRAVEL,APPROVED
swp_786,acc_86,2025-03-27T12:00:00Z,TRAVEL,APPROVED
swp_787,acc_86,2025-03-24T12:00:00Z,TRAVEL,APPROVED
swp_788,acc_87,2025-05-20T12:00:00Z,ENTERTAINMENT,APPROVED
swp_789,acc_87,2025-04-03T12:00:00Z,TRAVEL,APPROVED
swp_790,acc_87,2025-02-06T12:00:00Z,GROCERY,APPROVED
swp_791,acc_87,2025-04-01T12:00:00Z,TRAVEL,APPROVED
swp_792,acc_87,2025-04-27T12:00:00Z,ENTERTAINMENT,APPROVED
swp_793,acc_87,2025-05-15T12:00:00Z,DINING,APPROVED
swp_794,acc_87,2025-04-01T12:00:00Z,ENTERTAINMENT,APPROVED
swp_795,acc_87,2025-05-06T12:00:00Z,DINING,APPROVED
swp_796,acc_87,2025-03-10T12:00:00Z,ENTERTAINMENT,APPROVED
swp_797,acc_87,2025-05-25T12:00:00Z,GROCERY,APPROVED
swp_798,acc_87,2025-02-26T12:00:00Z,TRAVEL,APPROVED
swp_799,acc_87,2025-04-28T12:00:00Z,TRAVEL,APPROVED
swp_800,acc_87,2025-04-28T12:00:00Z,TRAVEL,APPROVED
swp_801,acc_87,2025-04-18T12:00:00Z,GROCERY,APPROVED
swp_802,acc_87,2025-02-03T12:00:00Z,DINING,APPROVED
swp_803,acc_87,2025-04-17T12:00:00Z,TRAVEL,APPROVED
swp_804,acc_87,2025-04-28T12:00:00Z,GROCERY,APPROVED
swp_805,acc_88,2025-02-15T12:00:00Z,GROCERY,APPROVED
swp_806,acc_88,2025-02-17T12:00:00Z,ENTERTAINMENT,APPROVED
swp_807,acc_88,2025-02-06T12:00:00Z,DINING,APPROVED
swp_808,acc_88,2025-04-27T12:00:00Z,GROCERY,APPROVED
swp_809,acc_88,2025-04-02T12:00:00Z,TRAVEL,APPROVED
swp_810,acc_88,2025-03-23T12:00:00Z,ENTERTAINMENT,APPROVED
swp_811,acc_88,2025-02-17T12:00:00Z,DINING,APPROVED
swp_812,acc_88,2025-02-20T12:00:00Z,ENTERTAINMENT,APPROVED
swp_813,acc_89,2025-02-13T12:00:00Z,DINING,APPROVED
swp_814,acc_89,2025-02-23T12:00:00Z,ENTERTAINMENT,APPROVED
swp_815,acc_89,2025-03-29T12:00:00Z,GROCERY,APPROVED
swp_816,acc_89,2025-03-10T12:00:00Z,ENTERTAINMENT,APPROVED
swp_817,acc_89,2025-03-02T12:00:00Z,TRAVEL,APPROVED
swp_818,acc_89,2025-04-22T12:00:00Z,ENTERTAINMENT,APPROVED
swp_819,acc_89,2025-02-16T12:00:00Z,ENTERTAINMENT,APPROVED
swp_820,acc_89,2025-02-07T12:00:00Z,DINING,APPROVED
swp_821,acc_89,2025-02-26T12:00:00Z,DINING,APPROVED
swp_822,acc_89,2025-04-04T12:00:00Z,TRAVEL,APPROVED
swp_823,acc_89,2025-05-26T12:00:00Z,ENTERTAINMENT,DECLINED
swp_824,acc_89,2025-02-06T12:00:00Z,TRAVEL,APPROVED
swp_825,acc_90,2025-05-12T12:00:00Z,ENTERTAINMENT,APPROVED
swp_826,acc_90,2025-02-20T12:00:00Z,GROCERY,APPROVED
swp_827,acc_90,2025-04-14T12:00:00Z,ENTERTAINMENT,DECLINED
swp_828,acc_90,2025-06-01T12:00:00Z,GROCERY,APPROVED
swp_829,acc_90,2025-04-11T12:00:00Z,ENTERTAINMENT,APPROVED
swp_830,acc_90,2025-02-11T12:00:00Z,GROCERY,APPROVED
swp_831,acc_90,2025-04-28T12:00:00Z,ENTERTAINMENT,APPROVED
swp_832,acc_90,2025-04-13T12:00:00Z,ENTERTAINMENT,APPROVED
swp_833,acc_90,2025-02-13T12:00:00Z,ENTERTAINMENT,APPROVED
swp_834,acc_91,2025-03-08T12:00:00Z,ENTERTAINMENT,APPROVED
swp_835,acc_91,2025-06-01T12:00:00Z,GROCERY,APPROVED
swp_836,acc_91,2025-05-17T12:00:00Z,ENTERTAINMENT,APPROVED
swp_837,acc_91,2025-03-31T12:00:00Z,GROCERY,APPROVED
swp_838,acc_91,2025-05-24T12:00:00Z,GROCERY,APPROVED
swp_839,acc_91,2025-02-08T12:00:00Z,ENTERTAINMENT,APPROVED
swp_840,acc_91,2025-05-02T12:00:00Z,ENTERTAINMENT,APPROVED
swp_841,acc_91,2025-04-25T12:00:00Z,GROCERY,APPROVED
swp_842,acc_91,2025-05-26T12:00:00Z,GROCERY,APPROVED
swp_843,acc_92,2025-04-20T12:00:00Z,GROCERY,APPROVED
swp_844,acc_92,2025-02-03T12:00:00Z,TRAVEL,APPROVED
swp_845,acc_92,2025-05-04T12:00:00Z,ENTERTAINMENT,APPROVED
swp_846,acc_92,2025-05-25T12:00:00Z,DINING,APPROVED
swp_847,acc_92,2025-06-01T12:00:00Z,ENTERTAINMENT,APPROVED
swp_848,acc_92,2025-03-26T12:00:00Z,TRAVEL,APPROVED
swp_849,acc_92,2025-05-16T12:00:00Z,GROCERY,APPROVED
swp_850,acc_92,2025-03-07T12:00:00Z,DINING,APPROVED
swp_851,acc_92,2025-04-27T12:00:00Z,ENTERTAINMENT,APPROVED
swp_852,acc_92,2025-03-21T12:00:00Z,TRAVEL,APPROVED
swp_853,acc_92,2025-05-01T12:00:00Z,DINING,APPROVED
swp_854,acc_93,2025-04-04T12:00:00Z,GROCERY,APPROVED
swp_855,acc_93,2025-02-24T12:00:00Z,TRAVEL,APPROVED
swp_856,acc_93,2025-02-20T12:00:00Z,TRAVEL,APPROVED
swp_857,acc_93,2025-02-28T12:00:00Z,TRAVEL,APPROVED
swp_858,acc_93,2025-04-23T12:00:00Z,TRAVEL,APPROVED
swp_859,acc_93,2025-05-08T12:00:00Z,ENTERTAINMENT,APPROVED
swp_860,acc_93,2025-03-06T12:00:00Z,DINING,APPROVED
swp_861,acc_93,2025-03-09T12:00:00Z,ENTERTAINMENT,APPROVED
swp_862,acc_93,2025-05-31T12:00:00Z,GROCERY,APPROVED
swp_863,acc_93,2025-04-04T12:00:00Z,GROCERY,APPROVED
swp_864,acc_93,2025-04-19T12:00:00Z,GROCERY,APPROVED
swp_865,acc_93,2025-05-07T12:00:00Z,ENTERTAINMENT,APPROVED
swp_866,acc_94,2025-04-15T12:00:00Z,GROCERY,APPROVED
swp_867,acc_94,2025-05-18T12:00:00Z,DINING,APPROVED
swp_868,acc_94,2025-02-18T12:00:00Z,GROCERY,APPROVED
swp_869,acc_94,2025-04-30T12:00:00Z,DINING,APPROVED
swp_870,acc_94,2025-02-13T12:00:00Z,GROCERY,APPROVED
swp_871,acc_94,2025-05-14T12:00:00Z,TRAVEL,APPROVED
swp_872,acc_94,2025-03-25T12:00:00Z,TRAVEL,APPROVED
swp_873,acc_95,2025-05-29T12:00:00Z,ENTERTAINMENT,APPROVED
swp_874,acc_95,2025-06-01T12:00:00Z,TRAVEL,APPROVED
swp_875,acc_95,2025-02-14T12:00:00Z,GROCERY,APPROVED
swp_876,acc_95,2025-04-11T12:00:00Z,ENTERTAINMENT,APPROVED
swp_877,acc_95,2025-04-26T12:00:00Z,DINING,APPROVED
swp_878,acc_95,2025-03-07T12:00:00Z,ENTERTAINMENT,APPROVED
swp_879,acc_95,2025-03-30T12:00:00Z,GROCERY,APPROVED
swp_880,acc_95,2025-02-04T12:00:00Z,ENTERTAINMENT,APPROVED
swp_881,acc_95,2025-04-28T12:00:00Z,TRAVEL,APPROVED
swp_882,acc_95,2025-03-21T12:00:00Z,TRAVEL,APPROVED
swp_883,acc_96,2025-05-10T12:00:00Z,ENTERTAINMENT,APPROVED
swp_884,acc_96,2025-03-24T12:00:00Z,ENTERTAINMENT,APPROVED
swp_885,acc_96,2025-03-26T12:00:00Z,TRAVEL,APPROVED
swp_886,acc_96,2025-02-21T12:00:00Z,ENTERTAINMENT,APPROVED
swp_887,acc_96,2025-04-05T12:00:00Z,GROCERY,APPROVED
swp_888,acc_96,2025-02-28T12:00:00Z,DINING,APPROVED
swp_889,acc_96,2025-04-10T12:00:00Z,ENTERTAINMENT,APPROVED
swp_890,acc_96,2025-05-12T12:00:00Z,DINING,APPROVED
swp_891,acc_96,2025-04-09T12:00:00Z,ENTERTAINMENT,APPROVED
swp_892,acc_96,2025-02-05T12:00:00Z,ENTERTAINMENT,APPROVED
swp_893,acc_96,2025-05-12T12:00:00Z,GROCERY,APPROVED
swp_894,acc_96,2025-02-19T12:00:00Z,DINING,APPROVED
swp_895,acc_96,2025-04-03T12:00:00Z,TRAVEL,APPROVED
swp_896,acc_96,2025-02-20T12:00:00Z,TRAVEL,APPROVED
swp_897,acc_97,2025-05-22T12:00:00Z,ENTERTAINMENT,APPROVED
swp_898,acc_98,2025-03-04T12:00:00Z,DINING,APPROVED
swp_899,acc_98,2025-02-15T12:00:00Z,TRAVEL,APPROVED
swp_900,acc_98,2025-02-27T12:00:00Z,ENTERTAINMENT,APPROVED
swp_901,acc_98,2025-05-23T12:00:00Z,TRAVEL,APPROVED
swp_902,acc_98,2025-03-07T12:00:00Z,ENTERTAINMENT,APPROVED
swp_903,acc_98,2025-02-28T12:00:00Z,DINING,APPROVED
swp_904,acc_98,2025-05-04T12:00:00Z,ENTERTAINMENT,APPROVED
swp_905,acc_98,2025-05-28T12:00:00Z,DINING,APPROVED
swp_906,acc_98,2025-03-05T12:00:00Z,DINING,APPROVED
swp_907,acc_98,2025-02-13T12:00:00Z,GROCERY,APPROVED
swp_908,acc_98,2025-03-05T12:00:00Z,GROCERY,APPROVED
swp_909,acc_98,2025-05-17T12:00:00Z,TRAVEL,APPROVED
swp_910,acc_98,2025-02-02T12:00:00Z,TRAVEL,APPROVED
swp_911,acc_98,2025-05-06T12:00:00Z,ENTERTAINMENT,APPROVED
swp_912,acc_98,2025-03-03T12:00:00Z,GROCERY,APPROVED
swp_913,acc_99,2025-05-17T12:00:00Z,DINING,DECLINED
swp_914,acc_99,2025-04-20T12:00:00Z,GROCERY,APPROVED
swp_915,acc_99,2025-02-09T12:00:00Z,GROCERY,APPROVED
swp_916,acc_99,2025-04-02T12:00:00Z,ENTERTAINMENT,APPROVED
swp_917,acc_99,2025-02-11T12:00:00Z,ENTERTAINMENT,APPROVED
swp_918,acc_99,2025-03-08T12:00:00Z,TRAVEL,APPROVED
swp_919,acc_99,2025-02-21T12:00:00Z,ENTERTAINMENT,APPROVED
swp_920,acc_99,2025-04-17T12:00:00Z,ENTERTAINMENT,APPROVED
swp_921,acc_99,2025-04-01T12:00:00Z,GROCERY,APPROVED
swp_922,acc_99,2025-05-29T12:00:00Z,GROCERY,APPROVED
swp_923,acc_99,2025-03-02T12:00:00Z,TRAVEL,APPROVED
swp_924,acc_100,2025-02-03T12:00:00Z,TRAVEL,APPROVED
swp_925,acc_100,2025-02-08T12:00:00Z,DINING,APPROVED
swp_926,acc_100,2025-03-29T12:00:00Z,TRAVEL,APPROVED
swp_927,acc_100,2025-05-15T12:00:00Z,GROCERY,APPROVED
swp_928,acc_100,2025-04-03T12:00:00Z,TRAVEL,APPROVED
swp_929,acc_100,2025-05-30T12:00:00Z,TRAVEL,APPROVED
swp_930,acc_100,2025-04-01T12:00:00Z,DINING,APPROVED
swp_931,acc_100,2025-03-19T12:00:00Z,DINING,APPROVED
swp_932,acc_100,2025-05-05T12:00:00Z,TRAVEL,APPROVED
swp_933,acc_100,2025-03-29T12:00:00Z,GROCERY,APPROVED
swp_934,acc_100,2025-03-11T12:00:00Z,TRAVEL,APPROVED
swp_935,acc_100,2025-02-03T12:00:00Z,GROCERY,APPROVED
swp_936,acc_100,2025-04-26T12:00:00Z,GROCERY,APPROVED
swp_937,acc_100,2025-02-26T12:00:00Z,DINING,APPROVED
swp_938,acc_100,2025-04-27T12:00:00Z,DINING,APPROVED
swp_939,acc_100,2025-03-25T12:00:00Z,DINING,APPROVED
