call_id,subscriber_id,call_date,duration_sec,call_status,tower_id
call_1,sub_1,2026-08-25,113,COMPLETED,TWR_B
call_2,sub_1,2026-08-16,286,DROPPED,TWR_A
call_3,sub_1,2026-08-24,607,COMPLETED,TWR_B
call_4,sub_1,2026-08-01,32,COMPLETED,TWR_B
call_5,sub_1,2026-07-31,304,COMPLETED,TWR_C
call_6,sub_1,2026-08-27,637,COMPLETED,TWR_A
call_7,sub_1,2026-08-25,349,COMPLETED,TWR_B
call_8,sub_1,2026-08-24,420,COMPLETED,TWR_B
call_9,sub_1,2026-07-24,336,COMPLETED,TWR_C
call_10,sub_1,2026-08-25,633,COMPLETED,TWR_C
call_11,sub_1,2026-08-26,449,COMPLETED,TWR_C
call_12,sub_1,2026-08-27,232,COMPLETED,TWR_A
call_13,sub_1,2026-08-11,330,COMPLETED,TWR_B
call_14,sub_1,2026-08-27,425,COMPLETED,TWR_A
call_15,sub_1,2026-08-23,194,COMPLETED,TWR_C
call_16,sub_1,2026-08-26,517,COMPLETED,TWR_B
call_17,sub_1,2026-08-19,420,COMPLETED,TWR_B
call_18,sub_1,2026-08-17,162,COMPLETED,TWR_C
call_19,sub_1,2026-08-22,568,DROPPED,TWR_B
call_20,sub_1,2026-08-19,215,COMPLETED,TWR_C
call_21,sub_1,2026-08-27,51,COMPLETED,TWR_A
call_22,sub_1,2026-08-13,391,COMPLETED,TWR_C
call_23,sub_1,2026-08-21,495,DROPPED,TWR_A
call_24,sub_1,2026-08-23,97,COMPLETED,TWR_C
call_25,sub_1,2026-07-10,385,COMPLETED,TWR_B
call_26,sub_1,2026-08-23,5,COMPLETED,TWR_C
call_27,sub_1,2026-08-21,316,COMPLETED,TWR_A
call_28,sub_1,2026-08-24,58,COMPLETED,TWR_B
call_29,sub_1,2026-08-22,311,COMPLETED,TWR_B
call_30,sub_2,2026-08-19,284,COMPLETED,TWR_C
call_31,sub_2,2026-08-14,360,COMPLETED,TWR_B
call_32,sub_2,2026-08-21,815,COMPLETED,TWR_A
call_33,sub_2,2026-08-15,205,COMPLETED,TWR_A
call_34,sub_2,2026-08-23,342,COMPLETED,TWR_B
call_35,sub_2,2026-08-19,547,COMPLETED,TWR_B
call_36,sub_2,2026-08-03,310,COMPLETED,TWR_B
call_37,sub_2,2026-08-23,146,COMPLETED,TWR_C
call_38,sub_2,2026-08-08,633,COMPLETED,TWR_C
call_39,sub_2,2026-08-23,379,COMPLETED,TWR_C
call_40,sub_2,2026-07-31,261,COMPLETED,TWR_A
call_41,sub_2,2026-08-15,255,DROPPED,TWR_B
call_42,sub_2,2026-07-27,246,COMPLETED,TWR_C
call_43,sub_2,2026-08-02,337,COMPLETED,TWR_B
call_44,sub_2,2026-08-18,166,COMPLETED,TWR_C
call_45,sub_2,2026-08-23,479,DROPPED,TWR_C
call_46,sub_2,2026-08-20,129,COMPLETED,TWR_A
call_47,sub_2,2026-08-19,205,COMPLETED,TWR_B
call_48,sub_2,2026-08-18,406,COMPLETED,TWR_A
call_49,sub_2,2026-08-19,195,COMPLETED,TWR_A
call_50,sub_2,2026-08-19,139,DROPPED,TWR_B
call_51,sub_3,2026-08-30,62,COMPLETED,TWR_C
call_52,sub_3,2026-08-26,91,COMPLETED,TWR_A
call_53,sub_3,2026-08-19,322,COMPLETED,TWR_C
call_54,sub_3,2026-08-17,286,COMPLETED,TWR_B
call_55,sub_3,2026-08-21,441,COMPLETED,TWR_B
call_56,sub_3,2026-08-30,303,COMPLETED,TWR_B
call_57,sub_3,2026-08-30,394,COMPLETED,TWR_B
call_58,sub_3,2026-08-30,15,COMPLETED,TWR_A
call_59,sub_3,2026-08-30,427,COMPLETED,TWR_C
call_60,sub_3,2026-08-26,229,DROPPED,TWR_C
call_61,sub_3,2026-08-26,308,COMPLETED,TWR_A
call_62,sub_3,2026-08-25,297,COMPLETED,TWR_C
call_63,sub_3,2026-08-30,189,COMPLETED,TWR_C
call_64,sub_3,2026-08-30,373,DROPPED,TWR_C
call_65,sub_3,2026-08-22,635,COMPLETED,TWR_C
call_66,sub_4,2026-07-08,220,COMPLETED,TWR_C
call_67,sub_4,2026-06-11,175,COMPLETED,TWR_C
call_68,sub_4,2026-07-27,5,DROPPED,TWR_C
call_69,sub_5,2026-08-01,304,COMPLETED,TWR_C
call_70,sub_5,2026-08-11,134,COMPLETED,TWR_B
call_71,sub_5,2026-07-30,5,DROPPED,TWR_B
call_72,sub_5,2026-08-11,5,DROPPED,TWR_A
call_73,sub_5,2026-08-11,278,DROPPED,TWR_A
call_74,sub_5,2026-08-10,180,COMPLETED,TWR_C
call_75,sub_5,2026-08-05,213,COMPLETED,TWR_B
call_76,sub_5,2026-07-25,5,COMPLETED,TWR_A
call_77,sub_5,2026-08-03,241,COMPLETED,TWR_B
call_78,sub_5,2026-08-12,292,COMPLETED,TWR_A
call_79,sub_5,2026-08-05,419,COMPLETED,TWR_C
call_80,sub_5,2026-08-14,5,COMPLETED,TWR_C
call_81,sub_5,2026-08-15,5,COMPLETED,TWR_C
call_82,sub_5,2026-08-15,134,COMPLETED,TWR_C
call_83,sub_5,2026-08-14,330,COMPLETED,TWR_B
call_84,sub_5,2026-08-16,181,COMPLETED,TWR_A
call_85,sub_6,2026-08-31,489,COMPLETED,TWR_B
call_86,sub_6,2026-08-29,284,COMPLETED,TWR_A
call_87,sub_6,2026-09-02,369,COMPLETED,TWR_A
call_88,sub_6,2026-08-17,523,COMPLETED,TWR_C
call_89,sub_6,2026-08-31,745,COMPLETED,TWR_C
call_90,sub_6,2026-08-22,116,COMPLETED,TWR_B
call_91,sub_6,2026-08-30,645,COMPLETED,TWR_B
call_92,sub_6,2026-09-02,550,COMPLETED,TWR_B
call_93,sub_6,2026-08-12,185,COMPLETED,TWR_A
call_94,sub_6,2026-09-02,365,COMPLETED,TWR_A
call_95,sub_6,2026-09-03,701,COMPLETED,TWR_C
call_96,sub_6,2026-08-16,492,COMPLETED,TWR_B
call_97,sub_6,2026-08-28,445,COMPLETED,TWR_A
call_98,sub_6,2026-09-03,495,COMPLETED,TWR_A
call_99,sub_6,2026-07-08,499,COMPLETED,TWR_C
call_100,sub_6,2026-08-31,263,COMPLETED,TWR_B
call_101,sub_6,2026-08-30,396,DROPPED,TWR_C
call_102,sub_6,2026-08-31,278,COMPLETED,TWR_B
call_103,sub_6,2026-08-31,346,COMPLETED,TWR_A
call_104,sub_6,2026-08-27,332,COMPLETED,TWR_A
call_105,sub_6,2026-08-24,628,COMPLETED,TWR_B
call_106,sub_6,2026-08-29,169,COMPLETED,TWR_B
call_107,sub_6,2026-09-01,443,COMPLETED,TWR_B
call_108,sub_6,2026-08-30,277,COMPLETED,TWR_A
call_109,sub_6,2026-08-19,479,COMPLETED,TWR_C
call_110,sub_6,2026-09-01,333,COMPLETED,TWR_B
call_111,sub_6,2026-08-14,139,COMPLETED,TWR_B
call_112,sub_6,2026-08-17,548,COMPLETED,TWR_B
call_113,sub_7,2026-08-21,319,COMPLETED,TWR_B
call_114,sub_7,2026-07-04,5,COMPLETED,TWR_A
call_115,sub_7,2026-08-26,210,COMPLETED,TWR_A
call_116,sub_7,2026-08-15,316,COMPLETED,TWR_A
call_117,sub_7,2026-08-10,270,DROPPED,TWR_B
call_118,sub_7,2026-08-18,54,COMPLETED,TWR_A
call_119,sub_7,2026-08-23,345,COMPLETED,TWR_C
call_120,sub_7,2026-08-03,104,COMPLETED,TWR_A
call_121,sub_7,2026-08-15,212,COMPLETED,TWR_C
call_122,sub_7,2026-07-17,367,DROPPED,TWR_C
call_123,sub_7,2026-08-17,138,COMPLETED,TWR_A
call_124,sub_7,2026-08-23,138,COMPLETED,TWR_C
call_125,sub_7,2026-08-23,391,DROPPED,TWR_C
call_126,sub_8,2026-07-09,155,COMPLETED,TWR_B
call_127,sub_8,2026-08-01,41,COMPLETED,TWR_C
call_128,sub_8,2026-08-24,128,COMPLETED,TWR_C
call_129,sub_8,2026-08-25,654,COMPLETED,TWR_C
call_130,sub_8,2026-08-18,110,COMPLETED,TWR_B
call_131,sub_8,2026-08-19,639,COMPLETED,TWR_A
call_132,sub_8,2026-08-16,297,COMPLETED,TWR_B
call_133,sub_8,2026-08-17,5,COMPLETED,TWR_A
call_134,sub_8,2026-08-04,482,COMPLETED,TWR_A
call_135,sub_8,2026-07-28,413,COMPLETED,TWR_C
call_136,sub_8,2026-08-13,255,COMPLETED,TWR_C
call_137,sub_8,2026-08-20,174,COMPLETED,TWR_C
call_138,sub_9,2026-08-08,525,COMPLETED,TWR_B
call_139,sub_9,2026-08-10,525,DROPPED,TWR_B
call_140,sub_9,2026-08-22,320,COMPLETED,TWR_C
call_141,sub_9,2026-08-17,367,COMPLETED,TWR_A
call_142,sub_9,2026-08-23,10,COMPLETED,TWR_B
call_143,sub_9,2026-07-24,402,COMPLETED,TWR_A
call_144,sub_9,2026-08-23,350,COMPLETED,TWR_C
call_145,sub_9,2026-08-18,516,COMPLETED,TWR_B
call_146,sub_9,2026-08-20,278,COMPLETED,TWR_B
call_147,sub_9,2026-08-18,465,COMPLETED,TWR_C
call_148,sub_9,2026-08-24,655,COMPLETED,TWR_A
call_149,sub_9,2026-08-10,154,COMPLETED,TWR_B
call_150,sub_9,2026-08-18,444,COMPLETED,TWR_A
call_151,sub_9,2026-08-25,535,COMPLETED,TWR_B
call_152,sub_9,2026-08-04,301,COMPLETED,TWR_B
call_153,sub_9,2026-08-18,504,COMPLETED,TWR_C
call_154,sub_9,2026-08-26,525,COMPLETED,TWR_C
call_155,sub_9,2026-08-21,404,COMPLETED,TWR_B
call_156,sub_9,2026-08-16,278,COMPLETED,TWR_C
call_157,sub_9,2026-08-22,561,DROPPED,TWR_B
call_158,sub_9,2026-08-09,273,COMPLETED,TWR_A
call_159,sub_9,2026-08-25,154,COMPLETED,TWR_B
call_160,sub_9,2026-08-19,235,COMPLETED,TWR_A
call_161,sub_9,2026-08-21,517,COMPLETED,TWR_A
call_162,sub_9,2026-07-27,128,COMPLETED,TWR_C
call_163,sub_9,2026-08-15,368,COMPLETED,TWR_C
call_164,sub_9,2026-08-23,259,COMPLETED,TWR_B
call_165,sub_9,2026-08-25,143,COMPLETED,TWR_C
call_166,sub_10,2026-08-28,649,COMPLETED,TWR_A
call_167,sub_10,2026-07-06,474,COMPLETED,TWR_B
call_168,sub_10,2026-08-28,568,DROPPED,TWR_C
call_169,sub_10,2026-08-30,575,COMPLETED,TWR_A
call_170,sub_10,2026-08-31,216,COMPLETED,TWR_B
call_171,sub_10,2026-08-25,254,COMPLETED,TWR_B
call_172,sub_10,2026-08-09,492,COMPLETED,TWR_A
call_173,sub_10,2026-08-22,939,COMPLETED,TWR_A
call_174,sub_10,2026-08-27,203,COMPLETED,TWR_C
call_175,sub_10,2026-08-30,383,COMPLETED,TWR_C
call_176,sub_10,2026-08-09,458,COMPLETED,TWR_A
call_177,sub_10,2026-07-15,473,COMPLETED,TWR_A
call_178,sub_10,2026-08-31,400,DROPPED,TWR_B
call_179,sub_10,2026-08-31,377,COMPLETED,TWR_C
call_180,sub_10,2026-08-28,50,COMPLETED,TWR_C
call_181,sub_10,2026-08-20,567,COMPLETED,TWR_A
call_182,sub_10,2026-08-26,128,COMPLETED,TWR_A
call_183,sub_10,2026-08-14,362,COMPLETED,TWR_C
call_184,sub_10,2026-08-27,676,COMPLETED,TWR_A
call_185,sub_10,2026-07-20,541,COMPLETED,TWR_C
call_186,sub_10,2026-07-28,481,COMPLETED,TWR_C
call_187,sub_10,2026-08-17,468,COMPLETED,TWR_A
call_188,sub_10,2026-08-19,518,COMPLETED,TWR_A
call_189,sub_10,2026-08-30,70,COMPLETED,TWR_B
call_190,sub_10,2026-08-22,399,COMPLETED,TWR_A
call_191,sub_10,2026-08-18,373,COMPLETED,TWR_C
call_192,sub_10,2026-08-10,237,COMPLETED,TWR_A
call_193,sub_10,2026-08-30,517,COMPLETED,TWR_A
call_194,sub_10,2026-07-30,628,COMPLETED,TWR_C
call_195,sub_10,2026-08-16,865,COMPLETED,TWR_B
call_196,sub_10,2026-08-16,391,COMPLETED,TWR_A
call_197,sub_10,2026-08-10,618,COMPLETED,TWR_C
call_198,sub_10,2026-07-20,439,COMPLETED,TWR_A
call_199,sub_11,2026-08-14,265,DROPPED,TWR_B
call_200,sub_12,2026-08-19,42,COMPLETED,TWR_C
call_201,sub_12,2026-07-18,416,COMPLETED,TWR_C
call_202,sub_12,2026-07-29,344,COMPLETED,TWR_B
call_203,sub_12,2026-08-16,119,COMPLETED,TWR_A
call_204,sub_12,2026-08-16,214,COMPLETED,TWR_B
call_205,sub_12,2026-08-16,234,COMPLETED,TWR_A
call_206,sub_13,2026-08-21,609,COMPLETED,TWR_C
call_207,sub_13,2026-08-06,191,COMPLETED,TWR_A
call_208,sub_13,2026-08-27,226,COMPLETED,TWR_C
call_209,sub_13,2026-08-27,50,COMPLETED,TWR_A
call_210,sub_13,2026-08-28,452,COMPLETED,TWR_A
call_211,sub_13,2026-08-27,199,COMPLETED,TWR_A
call_212,sub_13,2026-08-24,225,COMPLETED,TWR_A
call_213,sub_13,2026-08-10,427,COMPLETED,TWR_B
call_214,sub_13,2026-08-27,365,COMPLETED,TWR_A
call_215,sub_13,2026-08-29,390,COMPLETED,TWR_C
call_216,sub_13,2026-08-23,520,COMPLETED,TWR_B
call_217,sub_13,2026-08-22,237,COMPLETED,TWR_A
call_218,sub_13,2026-08-27,366,DROPPED,TWR_B
call_219,sub_13,2026-08-18,426,COMPLETED,TWR_C
call_220,sub_13,2026-08-15,294,COMPLETED,TWR_B
call_221,sub_13,2026-08-22,250,COMPLETED,TWR_A
call_222,sub_13,2026-08-14,396,COMPLETED,TWR_C
call_223,sub_13,2026-08-10,422,COMPLETED,TWR_C
call_224,sub_13,2026-08-29,637,COMPLETED,TWR_B
call_225,sub_13,2026-07-31,402,COMPLETED,TWR_B
call_226,sub_13,2026-08-20,463,COMPLETED,TWR_A
call_227,sub_13,2026-08-20,655,COMPLETED,TWR_A
call_228,sub_13,2026-07-24,492,COMPLETED,TWR_B
call_229,sub_13,2026-08-27,278,COMPLETED,TWR_A
call_230,sub_13,2026-08-27,212,COMPLETED,TWR_B
call_231,sub_13,2026-08-21,615,COMPLETED,TWR_B
call_232,sub_13,2026-08-27,354,COMPLETED,TWR_B
call_233,sub_13,2026-08-24,7,COMPLETED,TWR_C
call_234,sub_13,2026-08-24,601,COMPLETED,TWR_B
call_235,sub_13,2026-08-24,350,COMPLETED,TWR_B
call_236,sub_13,2026-08-27,564,COMPLETED,TWR_A
call_237,sub_13,2026-08-23,260,COMPLETED,TWR_B
call_238,sub_14,2026-08-24,96,COMPLETED,TWR_A
call_239,sub_14,2026-08-28,319,COMPLETED,TWR_A
call_240,sub_14,2026-08-20,185,COMPLETED,TWR_C
call_241,sub_14,2026-08-18,407,DROPPED,TWR_B
call_242,sub_14,2026-08-15,364,COMPLETED,TWR_B
call_243,sub_14,2026-08-26,5,COMPLETED,TWR_B
call_244,sub_14,2026-08-21,534,COMPLETED,TWR_B
call_245,sub_14,2026-08-29,177,COMPLETED,TWR_C
call_246,sub_14,2026-08-23,353,COMPLETED,TWR_A
call_247,sub_14,2026-08-31,525,COMPLETED,TWR_B
call_248,sub_14,2026-08-27,376,COMPLETED,TWR_B
call_249,sub_14,2026-08-31,713,COMPLETED,TWR_C
call_250,sub_14,2026-08-31,451,COMPLETED,TWR_A
call_251,sub_14,2026-08-31,695,COMPLETED,TWR_A
call_252,sub_14,2026-08-29,631,COMPLETED,TWR_B
call_253,sub_14,2026-08-30,386,COMPLETED,TWR_C
call_254,sub_14,2026-08-23,269,DROPPED,TWR_A
call_255,sub_14,2026-08-20,320,COMPLETED,TWR_C
call_256,sub_14,2026-08-30,124,COMPLETED,TWR_C
call_257,sub_14,2026-08-15,231,COMPLETED,TWR_B
call_258,sub_14,2026-08-23,377,COMPLETED,TWR_A
call_259,sub_14,2026-07-24,696,DROPPED,TWR_C
call_260,sub_14,2026-08-29,553,COMPLETED,TWR_B
call_261,sub_14,2026-08-30,883,COMPLETED,TWR_C
call_262,sub_14,2026-08-24,316,COMPLETED,TWR_A
call_263,sub_14,2026-08-23,418,COMPLETED,TWR_B
call_264,sub_14,2026-08-25,23,COMPLETED,TWR_C
call_265,sub_14,2026-07-12,676,COMPLETED,TWR_B
call_266,sub_14,2026-08-08,311,COMPLETED,TWR_C
call_267,sub_14,2026-07-29,338,COMPLETED,TWR_C
call_268,sub_14,2026-08-04,5,COMPLETED,TWR_B
call_269,sub_14,2026-08-29,223,COMPLETED,TWR_C
call_270,sub_14,2026-08-19,166,COMPLETED,TWR_C
call_271,sub_14,2026-08-28,268,COMPLETED,TWR_A
call_272,sub_15,2026-08-23,567,COMPLETED,TWR_B
call_273,sub_15,2026-08-11,839,DROPPED,TWR_B
call_274,sub_15,2026-08-10,208,COMPLETED,TWR_A
call_275,sub_15,2026-08-11,513,COMPLETED,TWR_C
call_276,sub_15,2026-08-18,233,COMPLETED,TWR_B
call_277,sub_15,2026-08-24,410,COMPLETED,TWR_B
call_278,sub_15,2026-08-23,467,COMPLETED,TWR_B
call_279,sub_15,2026-08-08,296,COMPLETED,TWR_A
call_280,sub_15,2026-08-06,176,COMPLETED,TWR_C
call_281,sub_15,2026-08-26,233,COMPLETED,TWR_C
call_282,sub_15,2026-07-08,5,COMPLETED,TWR_A
call_283,sub_15,2026-08-16,256,COMPLETED,TWR_B
call_284,sub_15,2026-08-20,183,COMPLETED,TWR_C
call_285,sub_15,2026-08-26,414,COMPLETED,TWR_A
call_286,sub_15,2026-08-14,337,COMPLETED,TWR_C
call_287,sub_15,2026-08-18,446,DROPPED,TWR_B
call_288,sub_15,2026-08-19,431,COMPLETED,TWR_C
call_289,sub_15,2026-08-24,134,COMPLETED,TWR_C
call_290,sub_15,2026-08-21,274,COMPLETED,TWR_B
call_291,sub_15,2026-08-25,17,COMPLETED,TWR_A
call_292,sub_15,2026-08-23,333,COMPLETED,TWR_B
call_293,sub_15,2026-08-14,428,COMPLETED,TWR_B
call_294,sub_15,2026-08-13,424,COMPLETED,TWR_A
call_295,sub_15,2026-08-23,471,COMPLETED,TWR_A
call_296,sub_15,2026-08-21,211,COMPLETED,TWR_B
call_297,sub_15,2026-08-20,533,COMPLETED,TWR_A
call_298,sub_15,2026-08-07,206,COMPLETED,TWR_B
call_299,sub_15,2026-08-03,84,COMPLETED,TWR_B
call_300,sub_15,2026-08-25,471,COMPLETED,TWR_B
call_301,sub_15,2026-08-18,258,COMPLETED,TWR_B
call_302,sub_15,2026-08-25,224,COMPLETED,TWR_A
call_303,sub_15,2026-08-16,585,COMPLETED,TWR_A
call_304,sub_15,2026-08-05,394,COMPLETED,TWR_C
call_305,sub_15,2026-08-20,247,COMPLETED,TWR_A
call_306,sub_15,2026-08-24,491,COMPLETED,TWR_B
call_307,sub_15,2026-08-13,208,DROPPED,TWR_A
call_308,sub_16,2026-08-16,134,COMPLETED,TWR_A
call_309,sub_16,2026-08-24,253,COMPLETED,TWR_C
call_310,sub_16,2026-08-05,381,COMPLETED,TWR_A
call_311,sub_16,2026-08-30,433,COMPLETED,TWR_A
call_312,sub_16,2026-08-25,513,COMPLETED,TWR_A
call_313,sub_16,2026-08-21,497,COMPLETED,TWR_A
call_314,sub_16,2026-08-31,585,COMPLETED,TWR_C
call_315,sub_16,2026-08-09,822,DROPPED,TWR_B
call_316,sub_16,2026-08-31,53,COMPLETED,TWR_B
call_317,sub_16,2026-08-24,183,COMPLETED,TWR_B
call_318,sub_16,2026-08-31,344,COMPLETED,TWR_C
call_319,sub_16,2026-08-20,265,COMPLETED,TWR_A
call_320,sub_16,2026-08-31,336,COMPLETED,TWR_C
call_321,sub_16,2026-08-13,286,COMPLETED,TWR_B
call_322,sub_16,2026-08-22,523,COMPLETED,TWR_C
call_323,sub_16,2026-08-23,159,COMPLETED,TWR_B
call_324,sub_17,2026-08-06,505,COMPLETED,TWR_B
call_325,sub_17,2026-08-03,49,DROPPED,TWR_A
call_326,sub_17,2026-08-10,311,COMPLETED,TWR_C
call_327,sub_17,2026-08-24,712,COMPLETED,TWR_B
call_328,sub_17,2026-07-29,539,COMPLETED,TWR_C
call_329,sub_17,2026-07-28,189,COMPLETED,TWR_B
call_330,sub_17,2026-08-11,319,COMPLETED,TWR_C
call_331,sub_17,2026-07-16,685,COMPLETED,TWR_A
call_332,sub_17,2026-08-24,58,DROPPED,TWR_C
call_333,sub_17,2026-08-12,227,COMPLETED,TWR_A
call_334,sub_17,2026-08-01,88,COMPLETED,TWR_B
call_335,sub_17,2026-07-31,323,COMPLETED,TWR_C
call_336,sub_17,2026-08-22,673,COMPLETED,TWR_B
call_337,sub_17,2026-07-31,578,COMPLETED,TWR_A
call_338,sub_17,2026-08-16,324,DROPPED,TWR_B
call_339,sub_17,2026-08-07,506,COMPLETED,TWR_B
call_340,sub_17,2026-07-24,230,COMPLETED,TWR_C
call_341,sub_17,2026-08-11,686,COMPLETED,TWR_B
call_342,sub_17,2026-08-24,416,COMPLETED,TWR_A
call_343,sub_17,2026-08-21,301,COMPLETED,TWR_C
call_344,sub_17,2026-08-16,40,COMPLETED,TWR_B
call_345,sub_17,2026-08-03,255,COMPLETED,TWR_B
call_346,sub_17,2026-08-23,171,COMPLETED,TWR_A
call_347,sub_18,2026-07-28,43,COMPLETED,TWR_A
call_348,sub_19,2026-07-16,5,DROPPED,TWR_A
call_349,sub_19,2026-07-04,192,COMPLETED,TWR_A
call_350,sub_19,2026-07-01,324,COMPLETED,TWR_C
call_351,sub_19,2026-07-27,153,COMPLETED,TWR_A
call_352,sub_20,2026-08-13,66,COMPLETED,TWR_A
call_353,sub_20,2026-07-25,271,COMPLETED,TWR_A
call_354,sub_20,2026-08-23,558,COMPLETED,TWR_B
call_355,sub_20,2026-08-25,169,COMPLETED,TWR_B
call_356,sub_20,2026-08-21,370,COMPLETED,TWR_B
call_357,sub_20,2026-08-12,98,COMPLETED,TWR_B
call_358,sub_20,2026-08-13,69,COMPLETED,TWR_A
call_359,sub_20,2026-08-14,347,COMPLETED,TWR_A
call_360,sub_20,2026-08-11,309,COMPLETED,TWR_C
call_361,sub_20,2026-08-27,366,COMPLETED,TWR_B
call_362,sub_20,2026-08-13,372,COMPLETED,TWR_C
call_363,sub_20,2026-08-26,298,COMPLETED,TWR_C
call_364,sub_20,2026-08-24,282,COMPLETED,TWR_C
call_365,sub_20,2026-08-16,384,COMPLETED,TWR_B
call_366,sub_20,2026-08-21,707,COMPLETED,TWR_A
call_367,sub_20,2026-08-11,478,COMPLETED,TWR_C
call_368,sub_20,2026-07-21,384,COMPLETED,TWR_C
call_369,sub_20,2026-08-23,277,COMPLETED,TWR_C
call_370,sub_20,2026-08-23,393,COMPLETED,TWR_C
call_371,sub_20,2026-08-25,278,COMPLETED,TWR_A
call_372,sub_20,2026-08-19,431,DROPPED,TWR_C
call_373,sub_20,2026-08-23,350,COMPLETED,TWR_C
call_374,sub_20,2026-08-17,406,COMPLETED,TWR_B
call_375,sub_20,2026-08-15,149,COMPLETED,TWR_C
call_376,sub_21,2026-08-09,165,COMPLETED,TWR_B
call_377,sub_21,2026-08-04,703,COMPLETED,TWR_B
call_378,sub_21,2026-08-26,471,COMPLETED,TWR_A
call_379,sub_21,2026-08-18,313,COMPLETED,TWR_C
call_380,sub_21,2026-08-18,402,COMPLETED,TWR_B
call_381,sub_21,2026-08-04,453,COMPLETED,TWR_C
call_382,sub_21,2026-08-25,460,COMPLETED,TWR_C
call_383,sub_21,2026-08-24,253,COMPLETED,TWR_C
call_384,sub_21,2026-08-26,242,COMPLETED,TWR_B
call_385,sub_21,2026-08-15,712,COMPLETED,TWR_A
call_386,sub_21,2026-08-18,215,DROPPED,TWR_C
call_387,sub_21,2026-08-18,101,COMPLETED,TWR_C
call_388,sub_21,2026-08-17,294,COMPLETED,TWR_A
call_389,sub_21,2026-08-16,5,COMPLETED,TWR_B
call_390,sub_21,2026-08-14,591,DROPPED,TWR_C
call_391,sub_21,2026-08-20,569,COMPLETED,TWR_C
call_392,sub_21,2026-08-26,186,COMPLETED,TWR_A
call_393,sub_21,2026-08-20,343,COMPLETED,TWR_C
call_394,sub_21,2026-08-02,456,COMPLETED,TWR_A
call_395,sub_21,2026-08-18,295,COMPLETED,TWR_B
call_396,sub_21,2026-08-18,182,COMPLETED,TWR_B
call_397,sub_21,2026-08-11,416,DROPPED,TWR_A
call_398,sub_21,2026-07-26,457,COMPLETED,TWR_B
call_399,sub_21,2026-08-19,621,DROPPED,TWR_B
call_400,sub_21,2026-07-22,434,COMPLETED,TWR_C
call_401,sub_22,2026-08-21,99,COMPLETED,TWR_B
call_402,sub_23,2026-08-12,400,COMPLETED,TWR_B
call_403,sub_23,2026-08-14,5,COMPLETED,TWR_B
call_404,sub_23,2026-08-12,5,COMPLETED,TWR_C
call_405,sub_23,2026-07-17,260,COMPLETED,TWR_C
call_406,sub_23,2026-08-01,320,COMPLETED,TWR_B
call_407,sub_23,2026-08-09,288,COMPLETED,TWR_B
call_408,sub_23,2026-08-06,86,COMPLETED,TWR_C
call_409,sub_23,2026-08-16,324,COMPLETED,TWR_A
call_410,sub_23,2026-08-17,336,COMPLETED,TWR_B
call_411,sub_23,2026-08-15,121,COMPLETED,TWR_A
call_412,sub_23,2026-08-06,395,COMPLETED,TWR_C
call_413,sub_23,2026-08-03,275,COMPLETED,TWR_C
call_414,sub_23,2026-08-11,271,COMPLETED,TWR_A
call_415,sub_23,2026-07-28,94,COMPLETED,TWR_C
call_416,sub_23,2026-08-09,406,COMPLETED,TWR_A
call_417,sub_23,2026-06-19,478,COMPLETED,TWR_B
call_418,sub_23,2026-08-15,8,COMPLETED,TWR_C
call_419,sub_23,2026-08-09,454,COMPLETED,TWR_A
call_420,sub_23,2026-08-16,224,DROPPED,TWR_C
call_421,sub_23,2026-08-16,682,COMPLETED,TWR_A
call_422,sub_23,2026-08-11,146,COMPLETED,TWR_A
call_423,sub_24,2026-07-22,216,COMPLETED,TWR_A
call_424,sub_24,2026-07-20,218,COMPLETED,TWR_C
call_425,sub_24,2026-08-09,231,COMPLETED,TWR_B
call_426,sub_25,2026-08-16,197,DROPPED,TWR_B
call_427,sub_26,2026-08-29,258,COMPLETED,TWR_C
call_428,sub_26,2026-08-24,348,COMPLETED,TWR_C
call_429,sub_26,2026-08-21,377,COMPLETED,TWR_B
call_430,sub_26,2026-08-23,463,COMPLETED,TWR_A
call_431,sub_26,2026-08-25,194,COMPLETED,TWR_A
call_432,sub_26,2026-08-13,548,COMPLETED,TWR_A
call_433,sub_26,2026-08-02,376,COMPLETED,TWR_C
call_434,sub_26,2026-08-23,181,COMPLETED,TWR_B
call_435,sub_26,2026-08-26,455,COMPLETED,TWR_B
call_436,sub_26,2026-08-28,324,DROPPED,TWR_C
call_437,sub_26,2026-08-29,432,COMPLETED,TWR_A
call_438,sub_26,2026-08-14,278,COMPLETED,TWR_B
call_439,sub_26,2026-08-29,453,COMPLETED,TWR_B
call_440,sub_26,2026-08-25,535,COMPLETED,TWR_C
call_441,sub_26,2026-08-27,664,COMPLETED,TWR_C
call_442,sub_26,2026-08-23,439,COMPLETED,TWR_B
call_443,sub_26,2026-08-26,550,COMPLETED,TWR_A
call_444,sub_26,2026-08-29,315,COMPLETED,TWR_A
call_445,sub_26,2026-08-29,437,COMPLETED,TWR_C
call_446,sub_26,2026-08-15,71,DROPPED,TWR_B
call_447,sub_26,2026-08-22,476,COMPLETED,TWR_B
call_448,sub_26,2026-08-23,263,COMPLETED,TWR_C
call_449,sub_26,2026-08-21,552,COMPLETED,TWR_B
call_450,sub_26,2026-08-29,526,COMPLETED,TWR_B
call_451,sub_26,2026-08-04,441,COMPLETED,TWR_A
call_452,sub_26,2026-08-16,569,COMPLETED,TWR_A
call_453,sub_26,2026-08-09,267,COMPLETED,TWR_C
call_454,sub_26,2026-08-21,246,COMPLETED,TWR_C
call_455,sub_26,2026-08-19,655,DROPPED,TWR_B
call_456,sub_26,2026-08-18,28,COMPLETED,TWR_A
call_457,sub_27,2026-08-25,341,COMPLETED,TWR_C
call_458,sub_27,2026-08-25,534,COMPLETED,TWR_C
call_459,sub_27,2026-08-14,514,COMPLETED,TWR_B
call_460,sub_27,2026-08-25,416,COMPLETED,TWR_B
call_461,sub_27,2026-08-25,756,COMPLETED,TWR_A
call_462,sub_27,2026-08-10,261,DROPPED,TWR_A
call_463,sub_27,2026-08-13,265,COMPLETED,TWR_C
call_464,sub_27,2026-08-11,274,COMPLETED,TWR_B
call_465,sub_27,2026-08-18,366,COMPLETED,TWR_C
call_466,sub_27,2026-08-23,5,COMPLETED,TWR_C
call_467,sub_27,2026-08-23,273,COMPLETED,TWR_B
call_468,sub_27,2026-08-25,254,COMPLETED,TWR_B
call_469,sub_27,2026-08-21,224,COMPLETED,TWR_B
call_470,sub_27,2026-08-22,660,COMPLETED,TWR_C
call_471,sub_27,2026-08-21,40,COMPLETED,TWR_A
call_472,sub_27,2026-08-21,329,DROPPED,TWR_B
call_473,sub_27,2026-08-12,128,COMPLETED,TWR_C
call_474,sub_27,2026-08-14,288,COMPLETED,TWR_B
call_475,sub_27,2026-08-22,342,COMPLETED,TWR_A
call_476,sub_27,2026-08-14,492,COMPLETED,TWR_C
call_477,sub_27,2026-08-24,197,COMPLETED,TWR_B
call_478,sub_27,2026-08-21,261,COMPLETED,TWR_B
call_479,sub_27,2026-08-14,112,DROPPED,TWR_B
call_480,sub_27,2026-08-25,402,COMPLETED,TWR_A
call_481,sub_27,2026-08-22,350,COMPLETED,TWR_C
call_482,sub_27,2026-08-17,189,COMPLETED,TWR_C
call_483,sub_27,2026-08-18,76,DROPPED,TWR_B
call_484,sub_27,2026-07-14,171,COMPLETED,TWR_A
call_485,sub_28,2026-08-22,577,COMPLETED,TWR_A
call_486,sub_28,2026-08-21,344,COMPLETED,TWR_B
call_487,sub_28,2026-08-06,270,DROPPED,TWR_A
call_488,sub_28,2026-07-18,387,COMPLETED,TWR_B
call_489,sub_28,2026-08-23,135,COMPLETED,TWR_B
call_490,sub_28,2026-08-19,5,COMPLETED,TWR_A
call_491,sub_28,2026-07-25,311,DROPPED,TWR_B
call_492,sub_28,2026-08-18,160,COMPLETED,TWR_A
call_493,sub_28,2026-08-12,178,COMPLETED,TWR_B
call_494,sub_28,2026-08-09,375,COMPLETED,TWR_C
call_495,sub_28,2026-07-31,481,COMPLETED,TWR_B
call_496,sub_28,2026-08-17,222,DROPPED,TWR_B
call_497,sub_28,2026-08-21,469,COMPLETED,TWR_C
call_498,sub_28,2026-08-09,378,COMPLETED,TWR_A
call_499,sub_28,2026-08-23,5,DROPPED,TWR_A
call_500,sub_28,2026-08-06,472,COMPLETED,TWR_A
call_501,sub_28,2026-07-14,618,COMPLETED,TWR_B
call_502,sub_28,2026-08-06,447,COMPLETED,TWR_B
call_503,sub_29,2026-08-25,271,COMPLETED,TWR_C
call_504,sub_29,2026-08-18,482,COMPLETED,TWR_C
call_505,sub_29,2026-08-29,447,COMPLETED,TWR_B
call_506,sub_29,2026-08-30,596,COMPLETED,TWR_C
call_507,sub_29,2026-08-28,360,COMPLETED,TWR_B
call_508,sub_29,2026-08-24,414,DROPPED,TWR_B
call_509,sub_29,2026-08-27,355,COMPLETED,TWR_B
call_510,sub_29,2026-08-29,193,COMPLETED,TWR_B
call_511,sub_29,2026-08-06,294,COMPLETED,TWR_C
call_512,sub_29,2026-08-23,523,COMPLETED,TWR_B
call_513,sub_29,2026-08-18,477,COMPLETED,TWR_A
call_514,sub_29,2026-08-20,347,COMPLETED,TWR_B
call_515,sub_29,2026-08-23,390,COMPLETED,TWR_C
call_516,sub_29,2026-08-28,853,COMPLETED,TWR_A
call_517,sub_29,2026-08-29,444,COMPLETED,TWR_A
call_518,sub_29,2026-08-12,270,COMPLETED,TWR_C
call_519,sub_29,2026-08-19,331,COMPLETED,TWR_B
call_520,sub_29,2026-08-30,308,COMPLETED,TWR_C
call_521,sub_29,2026-08-14,465,COMPLETED,TWR_C
call_522,sub_29,2026-07-24,275,COMPLETED,TWR_A
call_523,sub_29,2026-08-30,327,COMPLETED,TWR_B
call_524,sub_29,2026-08-16,499,COMPLETED,TWR_A
call_525,sub_29,2026-08-29,214,COMPLETED,TWR_A
call_526,sub_29,2026-08-10,257,COMPLETED,TWR_B
call_527,sub_29,2026-08-30,264,COMPLETED,TWR_C
call_528,sub_29,2026-08-28,59,COMPLETED,TWR_A
call_529,sub_30,2026-08-17,103,COMPLETED,TWR_A
call_530,sub_30,2026-08-27,529,COMPLETED,TWR_C
call_531,sub_30,2026-08-23,285,COMPLETED,TWR_A
call_532,sub_30,2026-08-18,473,COMPLETED,TWR_B
call_533,sub_30,2026-08-23,677,COMPLETED,TWR_C
call_534,sub_30,2026-08-20,345,COMPLETED,TWR_C
call_535,sub_30,2026-08-24,389,COMPLETED,TWR_C
call_536,sub_30,2026-08-21,573,COMPLETED,TWR_C
call_537,sub_30,2026-08-27,480,COMPLETED,TWR_A
call_538,sub_30,2026-08-16,123,COMPLETED,TWR_B
call_539,sub_30,2026-08-19,15,COMPLETED,TWR_A
call_540,sub_30,2026-08-26,278,COMPLETED,TWR_A
call_541,sub_30,2026-08-19,516,COMPLETED,TWR_A
call_542,sub_30,2026-08-25,396,COMPLETED,TWR_C
call_543,sub_30,2026-08-14,666,COMPLETED,TWR_B
call_544,sub_30,2026-08-19,103,COMPLETED,TWR_A
call_545,sub_30,2026-07-14,757,COMPLETED,TWR_C
call_546,sub_30,2026-08-27,555,COMPLETED,TWR_C
call_547,sub_30,2026-08-23,5,COMPLETED,TWR_C
call_548,sub_30,2026-08-21,446,COMPLETED,TWR_A
call_549,sub_30,2026-08-19,227,COMPLETED,TWR_A
call_550,sub_30,2026-08-09,465,COMPLETED,TWR_A
call_551,sub_30,2026-08-20,444,COMPLETED,TWR_C
call_552,sub_30,2026-08-22,492,COMPLETED,TWR_B
call_553,sub_30,2026-08-20,142,COMPLETED,TWR_A
call_554,sub_30,2026-08-13,516,COMPLETED,TWR_A
call_555,sub_30,2026-08-25,253,COMPLETED,TWR_B
call_556,sub_30,2026-07-26,578,DROPPED,TWR_A
call_557,sub_30,2026-08-18,230,COMPLETED,TWR_C
call_558,sub_31,2026-07-28,455,COMPLETED,TWR_C
call_559,sub_31,2026-07-27,372,COMPLETED,TWR_A
call_560,sub_31,2026-08-26,367,COMPLETED,TWR_A
call_561,sub_31,2026-08-22,397,COMPLETED,TWR_B
call_562,sub_31,2026-08-23,248,COMPLETED,TWR_B
call_563,sub_31,2026-08-28,68,COMPLETED,TWR_C
call_564,sub_31,2026-08-12,206,COMPLETED,TWR_A
call_565,sub_31,2026-08-22,368,COMPLETED,TWR_A
call_566,sub_31,2026-08-28,734,COMPLETED,TWR_C
call_567,sub_31,2026-08-15,360,COMPLETED,TWR_A
call_568,sub_31,2026-08-16,532,COMPLETED,TWR_A
call_569,sub_31,2026-08-13,542,COMPLETED,TWR_B
call_570,sub_31,2026-08-23,222,COMPLETED,TWR_C
call_571,sub_31,2026-08-04,72,COMPLETED,TWR_A
call_572,sub_31,2026-08-29,79,DROPPED,TWR_A
call_573,sub_31,2026-08-02,225,COMPLETED,TWR_A
call_574,sub_31,2026-08-16,307,COMPLETED,TWR_C
call_575,sub_31,2026-08-20,455,COMPLETED,TWR_B
call_576,sub_31,2026-08-26,290,COMPLETED,TWR_A
call_577,sub_31,2026-08-21,305,COMPLETED,TWR_A
call_578,sub_32,2026-08-01,325,COMPLETED,TWR_B
call_579,sub_32,2026-08-04,192,DROPPED,TWR_B
call_580,sub_32,2026-08-11,311,COMPLETED,TWR_C
call_581,sub_32,2026-07-29,43,COMPLETED,TWR_A
call_582,sub_32,2026-08-07,358,COMPLETED,TWR_C
call_583,sub_32,2026-08-08,173,COMPLETED,TWR_C
call_584,sub_32,2026-08-14,541,DROPPED,TWR_B
call_585,sub_32,2026-08-14,477,COMPLETED,TWR_C
call_586,sub_32,2026-08-13,223,DROPPED,TWR_C
call_587,sub_32,2026-08-14,583,COMPLETED,TWR_A
call_588,sub_32,2026-08-08,658,COMPLETED,TWR_B
call_589,sub_32,2026-08-11,5,DROPPED,TWR_A
call_590,sub_32,2026-08-10,5,COMPLETED,TWR_C
call_591,sub_32,2026-08-14,5,COMPLETED,TWR_B
call_592,sub_32,2026-08-14,257,COMPLETED,TWR_B
call_593,sub_32,2026-08-15,301,COMPLETED,TWR_B
call_594,sub_33,2026-08-19,294,COMPLETED,TWR_A
call_595,sub_33,2026-08-18,150,COMPLETED,TWR_C
call_596,sub_33,2026-08-22,181,COMPLETED,TWR_C
call_597,sub_33,2026-08-29,606,COMPLETED,TWR_B
call_598,sub_33,2026-08-30,586,COMPLETED,TWR_A
call_599,sub_33,2026-08-11,524,COMPLETED,TWR_C
call_600,sub_33,2026-08-28,309,DROPPED,TWR_A
call_601,sub_33,2026-08-23,198,COMPLETED,TWR_B
call_602,sub_33,2026-08-25,418,COMPLETED,TWR_B
call_603,sub_33,2026-08-29,258,COMPLETED,TWR_A
call_604,sub_33,2026-08-30,580,COMPLETED,TWR_C
call_605,sub_33,2026-08-17,372,COMPLETED,TWR_C
call_606,sub_33,2026-08-22,353,COMPLETED,TWR_A
call_607,sub_33,2026-08-29,302,COMPLETED,TWR_A
call_608,sub_33,2026-08-26,203,COMPLETED,TWR_B
call_609,sub_33,2026-08-17,335,COMPLETED,TWR_C
call_610,sub_33,2026-08-04,303,COMPLETED,TWR_C
call_611,sub_33,2026-07-25,556,COMPLETED,TWR_B
call_612,sub_33,2026-08-28,320,COMPLETED,TWR_C
call_613,sub_33,2026-08-26,610,COMPLETED,TWR_B
call_614,sub_33,2026-08-21,384,COMPLETED,TWR_A
call_615,sub_33,2026-08-29,458,COMPLETED,TWR_C
call_616,sub_33,2026-08-17,422,COMPLETED,TWR_A
call_617,sub_33,2026-07-14,651,COMPLETED,TWR_A
call_618,sub_33,2026-08-16,621,COMPLETED,TWR_A
call_619,sub_33,2026-08-27,193,COMPLETED,TWR_A
call_620,sub_33,2026-08-23,687,COMPLETED,TWR_A
call_621,sub_33,2026-08-24,369,COMPLETED,TWR_A
call_622,sub_34,2026-08-27,251,COMPLETED,TWR_A
call_623,sub_34,2026-07-21,540,COMPLETED,TWR_B
call_624,sub_34,2026-08-17,610,COMPLETED,TWR_C
call_625,sub_34,2026-08-30,334,COMPLETED,TWR_C
call_626,sub_34,2026-09-01,154,COMPLETED,TWR_B
call_627,sub_34,2026-08-28,450,COMPLETED,TWR_B
call_628,sub_34,2026-09-04,486,COMPLETED,TWR_C
call_629,sub_34,2026-09-02,509,COMPLETED,TWR_A
call_630,sub_34,2026-09-01,329,COMPLETED,TWR_C
call_631,sub_34,2026-08-31,123,COMPLETED,TWR_A
call_632,sub_34,2026-08-21,131,COMPLETED,TWR_A
call_633,sub_34,2026-08-11,390,COMPLETED,TWR_C
call_634,sub_34,2026-08-09,312,COMPLETED,TWR_A
call_635,sub_34,2026-09-04,609,COMPLETED,TWR_C
call_636,sub_34,2026-09-01,89,COMPLETED,TWR_C
call_637,sub_34,2026-09-02,338,COMPLETED,TWR_A
call_638,sub_34,2026-08-19,564,COMPLETED,TWR_A
call_639,sub_34,2026-09-02,323,COMPLETED,TWR_B
call_640,sub_34,2026-09-01,403,COMPLETED,TWR_C
call_641,sub_34,2026-09-01,556,COMPLETED,TWR_B
call_642,sub_34,2026-08-31,445,COMPLETED,TWR_B
call_643,sub_34,2026-09-03,413,COMPLETED,TWR_C
call_644,sub_34,2026-09-03,251,COMPLETED,TWR_B
call_645,sub_34,2026-08-16,532,COMPLETED,TWR_A
call_646,sub_34,2026-08-30,557,DROPPED,TWR_A
call_647,sub_34,2026-09-01,758,COMPLETED,TWR_A
call_648,sub_34,2026-08-30,214,COMPLETED,TWR_A
call_649,sub_34,2026-08-29,223,COMPLETED,TWR_A
call_650,sub_35,2026-08-29,87,COMPLETED,TWR_A
call_651,sub_35,2026-08-11,59,DROPPED,TWR_B
call_652,sub_35,2026-08-05,63,DROPPED,TWR_B
call_653,sub_35,2026-08-12,176,DROPPED,TWR_A
call_654,sub_35,2026-08-14,201,COMPLETED,TWR_A
call_655,sub_35,2026-08-21,184,COMPLETED,TWR_A
call_656,sub_35,2026-08-12,434,COMPLETED,TWR_C
call_657,sub_35,2026-08-27,600,COMPLETED,TWR_A
call_658,sub_35,2026-08-22,236,COMPLETED,TWR_C
call_659,sub_35,2026-08-21,349,COMPLETED,TWR_B
call_660,sub_35,2026-08-06,379,COMPLETED,TWR_B
call_661,sub_35,2026-08-27,63,COMPLETED,TWR_A
call_662,sub_35,2026-08-27,309,COMPLETED,TWR_C
call_663,sub_35,2026-08-26,430,COMPLETED,TWR_C
call_664,sub_35,2026-07-28,670,COMPLETED,TWR_C
call_665,sub_35,2026-08-12,202,COMPLETED,TWR_A
call_666,sub_35,2026-08-16,183,DROPPED,TWR_B
call_667,sub_35,2026-07-27,89,COMPLETED,TWR_C
call_668,sub_35,2026-08-28,472,DROPPED,TWR_B
call_669,sub_35,2026-08-17,266,COMPLETED,TWR_A
call_670,sub_35,2026-08-23,250,COMPLETED,TWR_A
call_671,sub_35,2026-08-25,195,COMPLETED,TWR_C
call_672,sub_35,2026-08-27,264,COMPLETED,TWR_B
call_673,sub_35,2026-08-28,499,COMPLETED,TWR_A
call_674,sub_35,2026-08-10,276,COMPLETED,TWR_C
call_675,sub_36,2026-09-01,628,COMPLETED,TWR_A
call_676,sub_36,2026-09-01,639,COMPLETED,TWR_B
call_677,sub_36,2026-08-25,417,COMPLETED,TWR_C
call_678,sub_36,2026-08-26,328,COMPLETED,TWR_B
call_679,sub_36,2026-08-31,18,COMPLETED,TWR_A
call_680,sub_36,2026-08-27,350,COMPLETED,TWR_B
call_681,sub_36,2026-08-29,254,COMPLETED,TWR_A
call_682,sub_36,2026-08-24,360,COMPLETED,TWR_A
call_683,sub_36,2026-09-01,340,COMPLETED,TWR_A
call_684,sub_36,2026-08-19,372,COMPLETED,TWR_C
call_685,sub_36,2026-08-28,133,COMPLETED,TWR_A
call_686,sub_36,2026-08-22,102,COMPLETED,TWR_C
call_687,sub_36,2026-08-16,317,COMPLETED,TWR_C
call_688,sub_36,2026-08-28,220,COMPLETED,TWR_C
call_689,sub_36,2026-08-30,243,COMPLETED,TWR_C
call_690,sub_36,2026-08-29,461,COMPLETED,TWR_A
call_691,sub_36,2026-09-01,459,COMPLETED,TWR_C
call_692,sub_36,2026-08-31,829,COMPLETED,TWR_A
call_693,sub_36,2026-08-23,547,COMPLETED,TWR_C
call_694,sub_36,2026-08-31,270,COMPLETED,TWR_C
call_695,sub_36,2026-08-05,504,COMPLETED,TWR_B
call_696,sub_36,2026-09-01,623,COMPLETED,TWR_C
call_697,sub_36,2026-08-14,346,COMPLETED,TWR_C
call_698,sub_36,2026-08-23,459,COMPLETED,TWR_C
call_699,sub_36,2026-08-22,381,DROPPED,TWR_B
call_700,sub_36,2026-07-17,437,COMPLETED,TWR_B
call_701,sub_36,2026-08-25,629,DROPPED,TWR_B
call_702,sub_36,2026-08-24,327,COMPLETED,TWR_C
call_703,sub_36,2026-08-08,124,COMPLETED,TWR_A
call_704,sub_36,2026-09-02,617,COMPLETED,TWR_B
call_705,sub_36,2026-07-28,556,COMPLETED,TWR_B
call_706,sub_36,2026-08-31,544,COMPLETED,TWR_C
call_707,sub_37,2026-08-31,499,COMPLETED,TWR_C
call_708,sub_37,2026-08-22,261,COMPLETED,TWR_B
call_709,sub_37,2026-08-20,281,COMPLETED,TWR_A
call_710,sub_37,2026-08-31,561,COMPLETED,TWR_A
call_711,sub_37,2026-08-15,532,COMPLETED,TWR_A
call_712,sub_37,2026-08-29,483,COMPLETED,TWR_A
call_713,sub_37,2026-08-16,683,COMPLETED,TWR_B
call_714,sub_37,2026-08-29,549,COMPLETED,TWR_A
call_715,sub_37,2026-08-29,439,COMPLETED,TWR_A
call_716,sub_37,2026-08-30,441,COMPLETED,TWR_B
call_717,sub_37,2026-08-21,305,COMPLETED,TWR_A
call_718,sub_37,2026-08-19,694,COMPLETED,TWR_A
call_719,sub_37,2026-08-16,557,COMPLETED,TWR_C
call_720,sub_37,2026-08-19,168,COMPLETED,TWR_B
call_721,sub_37,2026-09-05,451,COMPLETED,TWR_C
call_722,sub_37,2026-08-20,481,DROPPED,TWR_B
call_723,sub_37,2026-08-25,317,COMPLETED,TWR_B
call_724,sub_37,2026-08-29,139,COMPLETED,TWR_C
call_725,sub_37,2026-08-30,484,COMPLETED,TWR_A
call_726,sub_37,2026-09-02,401,DROPPED,TWR_B
call_727,sub_37,2026-08-13,609,DROPPED,TWR_C
call_728,sub_37,2026-09-01,457,COMPLETED,TWR_C
call_729,sub_37,2026-08-23,498,COMPLETED,TWR_C
call_730,sub_37,2026-09-04,436,COMPLETED,TWR_A
call_731,sub_37,2026-08-29,510,COMPLETED,TWR_C
call_732,sub_37,2026-08-13,177,COMPLETED,TWR_C
call_733,sub_37,2026-09-02,568,COMPLETED,TWR_B
call_734,sub_37,2026-09-04,473,COMPLETED,TWR_C
call_735,sub_37,2026-09-03,355,COMPLETED,TWR_A
call_736,sub_37,2026-08-25,366,COMPLETED,TWR_C
call_737,sub_37,2026-09-03,521,COMPLETED,TWR_C
call_738,sub_38,2026-07-19,135,COMPLETED,TWR_A
call_739,sub_38,2026-08-11,637,COMPLETED,TWR_B
call_740,sub_38,2026-08-23,385,COMPLETED,TWR_C
call_741,sub_38,2026-08-23,455,COMPLETED,TWR_C
call_742,sub_38,2026-08-22,144,COMPLETED,TWR_C
call_743,sub_38,2026-08-20,230,COMPLETED,TWR_C
call_744,sub_38,2026-08-22,195,COMPLETED,TWR_C
call_745,sub_38,2026-07-25,258,COMPLETED,TWR_A
call_746,sub_38,2026-08-01,367,COMPLETED,TWR_C
call_747,sub_38,2026-08-22,423,COMPLETED,TWR_A
call_748,sub_38,2026-08-03,760,COMPLETED,TWR_C
call_749,sub_38,2026-08-21,17,COMPLETED,TWR_C
call_750,sub_38,2026-08-19,411,DROPPED,TWR_B
call_751,sub_38,2026-08-09,263,COMPLETED,TWR_A
call_752,sub_38,2026-08-21,433,COMPLETED,TWR_B
call_753,sub_38,2026-08-20,584,COMPLETED,TWR_A
call_754,sub_38,2026-08-19,574,COMPLETED,TWR_A
call_755,sub_38,2026-08-23,354,COMPLETED,TWR_B
call_756,sub_38,2026-07-27,43,COMPLETED,TWR_A
call_757,sub_38,2026-08-23,433,COMPLETED,TWR_C
call_758,sub_38,2026-08-08,407,COMPLETED,TWR_C
call_759,sub_38,2026-08-15,488,DROPPED,TWR_A
call_760,sub_38,2026-08-19,559,COMPLETED,TWR_B
call_761,sub_39,2026-08-29,413,DROPPED,TWR_C
call_762,sub_39,2026-07-31,526,COMPLETED,TWR_B
call_763,sub_39,2026-09-01,347,COMPLETED,TWR_B
call_764,sub_39,2026-08-28,416,COMPLETED,TWR_A
call_765,sub_39,2026-08-29,618,DROPPED,TWR_A
call_766,sub_39,2026-08-18,148,COMPLETED,TWR_B
call_767,sub_39,2026-08-16,324,COMPLETED,TWR_C
call_768,sub_39,2026-08-15,320,COMPLETED,TWR_B
call_769,sub_39,2026-08-11,659,COMPLETED,TWR_A
call_770,sub_39,2026-08-28,644,COMPLETED,TWR_A
call_771,sub_39,2026-08-29,252,COMPLETED,TWR_B
call_772,sub_39,2026-08-06,473,COMPLETED,TWR_B
call_773,sub_39,2026-08-28,432,COMPLETED,TWR_A
call_774,sub_39,2026-08-08,104,COMPLETED,TWR_B
call_775,sub_39,2026-08-30,421,COMPLETED,TWR_A
call_776,sub_39,2026-08-09,247,COMPLETED,TWR_C
call_777,sub_39,2026-09-01,543,COMPLETED,TWR_A
call_778,sub_39,2026-08-04,396,COMPLETED,TWR_A
call_779,sub_39,2026-07-14,346,COMPLETED,TWR_B
call_780,sub_39,2026-08-13,539,COMPLETED,TWR_A
call_781,sub_39,2026-08-29,390,COMPLETED,TWR_C
call_782,sub_39,2026-09-01,383,COMPLETED,TWR_B
call_783,sub_39,2026-08-18,714,DROPPED,TWR_B
call_784,sub_39,2026-08-18,239,DROPPED,TWR_B
call_785,sub_39,2026-08-24,74,COMPLETED,TWR_C
call_786,sub_39,2026-09-01,330,COMPLETED,TWR_B
call_787,sub_39,2026-08-25,5,COMPLETED,TWR_C
call_788,sub_39,2026-08-25,237,COMPLETED,TWR_B
call_789,sub_39,2026-08-28,197,COMPLETED,TWR_C
call_790,sub_39,2026-08-27,425,COMPLETED,TWR_B
call_791,sub_39,2026-08-20,264,COMPLETED,TWR_B
call_792,sub_39,2026-08-26,242,COMPLETED,TWR_B
call_793,sub_39,2026-07-24,413,COMPLETED,TWR_A
call_794,sub_39,2026-08-30,290,COMPLETED,TWR_A
call_795,sub_39,2026-09-01,538,COMPLETED,TWR_B
call_796,sub_39,2026-08-21,5,COMPLETED,TWR_A
call_797,sub_40,2026-08-18,570,COMPLETED,TWR_B
call_798,sub_40,2026-08-15,346,COMPLETED,TWR_A
call_799,sub_40,2026-08-29,572,COMPLETED,TWR_C
call_800,sub_40,2026-08-01,330,COMPLETED,TWR_C
call_801,sub_40,2026-08-22,385,COMPLETED,TWR_C
call_802,sub_40,2026-08-07,455,COMPLETED,TWR_C
call_803,sub_40,2026-08-25,370,COMPLETED,TWR_C
call_804,sub_40,2026-08-29,463,COMPLETED,TWR_A
call_805,sub_40,2026-09-01,99,COMPLETED,TWR_A
call_806,sub_40,2026-08-30,265,COMPLETED,TWR_A
call_807,sub_40,2026-08-25,309,COMPLETED,TWR_A
call_808,sub_40,2026-08-27,191,COMPLETED,TWR_B
call_809,sub_40,2026-08-29,344,COMPLETED,TWR_C
call_810,sub_40,2026-08-20,441,COMPLETED,TWR_C
call_811,sub_40,2026-08-28,155,COMPLETED,TWR_B
call_812,sub_40,2026-08-29,71,COMPLETED,TWR_A
call_813,sub_40,2026-08-31,460,COMPLETED,TWR_B
call_814,sub_40,2026-08-17,673,COMPLETED,TWR_C
call_815,sub_40,2026-08-30,213,COMPLETED,TWR_B
call_816,sub_40,2026-08-16,223,COMPLETED,TWR_B
call_817,sub_40,2026-08-15,498,COMPLETED,TWR_C
call_818,sub_40,2026-08-24,376,COMPLETED,TWR_A
call_819,sub_40,2026-09-01,213,COMPLETED,TWR_A
call_820,sub_40,2026-08-31,427,COMPLETED,TWR_A
call_821,sub_40,2026-07-31,6,COMPLETED,TWR_C
call_822,sub_40,2026-08-16,336,COMPLETED,TWR_A
call_823,sub_40,2026-08-30,487,COMPLETED,TWR_C
call_824,sub_40,2026-08-27,402,COMPLETED,TWR_A
call_825,sub_40,2026-08-28,400,COMPLETED,TWR_C
call_826,sub_40,2026-08-30,586,COMPLETED,TWR_C
call_827,sub_40,2026-08-30,331,COMPLETED,TWR_B
call_828,sub_40,2026-08-26,363,COMPLETED,TWR_C
call_829,sub_41,2026-08-26,109,DROPPED,TWR_C
call_830,sub_41,2026-08-20,316,COMPLETED,TWR_C
call_831,sub_41,2026-08-30,197,COMPLETED,TWR_C
call_832,sub_41,2026-08-30,595,COMPLETED,TWR_C
call_833,sub_41,2026-08-29,132,COMPLETED,TWR_C
call_834,sub_41,2026-08-28,305,COMPLETED,TWR_B
call_835,sub_41,2026-08-30,555,COMPLETED,TWR_B
call_836,sub_41,2026-08-18,317,COMPLETED,TWR_C
call_837,sub_41,2026-08-31,472,COMPLETED,TWR_C
call_838,sub_41,2026-08-28,480,COMPLETED,TWR_C
call_839,sub_41,2026-08-26,145,COMPLETED,TWR_B
call_840,sub_41,2026-08-28,286,COMPLETED,TWR_A
call_841,sub_41,2026-08-31,293,COMPLETED,TWR_B
call_842,sub_41,2026-07-10,425,COMPLETED,TWR_A
call_843,sub_41,2026-08-13,609,COMPLETED,TWR_B
call_844,sub_41,2026-08-26,5,COMPLETED,TWR_A
call_845,sub_41,2026-08-23,702,COMPLETED,TWR_C
call_846,sub_41,2026-09-01,670,COMPLETED,TWR_C
call_847,sub_41,2026-08-31,684,COMPLETED,TWR_C
call_848,sub_41,2026-09-02,278,COMPLETED,TWR_B
call_849,sub_41,2026-08-27,204,DROPPED,TWR_A
call_850,sub_41,2026-08-22,673,COMPLETED,TWR_B
call_851,sub_41,2026-08-29,313,COMPLETED,TWR_C
call_852,sub_41,2026-09-01,569,DROPPED,TWR_C
call_853,sub_41,2026-08-03,546,COMPLETED,TWR_C
call_854,sub_41,2026-08-30,316,COMPLETED,TWR_B
call_855,sub_41,2026-08-31,108,COMPLETED,TWR_A
call_856,sub_41,2026-08-25,53,COMPLETED,TWR_B
call_857,sub_41,2026-08-30,466,DROPPED,TWR_A
call_858,sub_41,2026-09-01,137,COMPLETED,TWR_A
call_859,sub_42,2026-08-24,482,COMPLETED,TWR_A
call_860,sub_42,2026-08-22,392,COMPLETED,TWR_C
call_861,sub_42,2026-08-21,357,COMPLETED,TWR_C
call_862,sub_42,2026-08-18,518,COMPLETED,TWR_B
call_863,sub_42,2026-08-26,434,COMPLETED,TWR_C
call_864,sub_42,2026-08-22,281,COMPLETED,TWR_C
call_865,sub_42,2026-08-27,512,COMPLETED,TWR_B
call_866,sub_42,2026-08-25,345,COMPLETED,TWR_B
call_867,sub_42,2026-08-11,543,COMPLETED,TWR_C
call_868,sub_42,2026-07-17,499,COMPLETED,TWR_B
call_869,sub_42,2026-08-21,61,DROPPED,TWR_C
call_870,sub_42,2026-08-25,544,COMPLETED,TWR_A
call_871,sub_42,2026-08-21,185,COMPLETED,TWR_C
call_872,sub_42,2026-08-09,180,COMPLETED,TWR_A
call_873,sub_42,2026-08-21,284,COMPLETED,TWR_A
call_874,sub_42,2026-08-23,632,COMPLETED,TWR_C
call_875,sub_42,2026-08-24,307,DROPPED,TWR_A
call_876,sub_42,2026-08-15,255,COMPLETED,TWR_B
call_877,sub_42,2026-08-27,475,COMPLETED,TWR_B
call_878,sub_42,2026-08-13,261,COMPLETED,TWR_C
call_879,sub_42,2026-08-06,597,COMPLETED,TWR_B
call_880,sub_42,2026-08-16,404,COMPLETED,TWR_B
call_881,sub_42,2026-08-27,130,COMPLETED,TWR_A
call_882,sub_42,2026-08-26,498,COMPLETED,TWR_B
call_883,sub_42,2026-08-05,121,COMPLETED,TWR_C
call_884,sub_42,2026-08-25,384,COMPLETED,TWR_B
call_885,sub_42,2026-08-19,76,COMPLETED,TWR_B
call_886,sub_42,2026-08-24,579,COMPLETED,TWR_B
call_887,sub_42,2026-08-20,90,COMPLETED,TWR_C
call_888,sub_43,2026-08-03,250,COMPLETED,TWR_B
call_889,sub_43,2026-08-09,291,DROPPED,TWR_A
call_890,sub_43,2026-08-23,20,COMPLETED,TWR_B
call_891,sub_43,2026-08-22,497,COMPLETED,TWR_A
call_892,sub_43,2026-08-18,692,COMPLETED,TWR_A
call_893,sub_43,2026-08-24,168,COMPLETED,TWR_B
call_894,sub_43,2026-08-04,69,DROPPED,TWR_B
call_895,sub_43,2026-08-16,5,COMPLETED,TWR_B
call_896,sub_43,2026-08-03,311,COMPLETED,TWR_C
call_897,sub_43,2026-08-24,155,COMPLETED,TWR_B
call_898,sub_43,2026-08-27,314,COMPLETED,TWR_A
call_899,sub_43,2026-07-31,5,COMPLETED,TWR_C
call_900,sub_43,2026-08-20,169,COMPLETED,TWR_B
call_901,sub_43,2026-08-11,483,COMPLETED,TWR_B
call_902,sub_44,2026-08-26,686,COMPLETED,TWR_B
call_903,sub_44,2026-08-22,285,COMPLETED,TWR_C
call_904,sub_44,2026-08-17,617,COMPLETED,TWR_A
call_905,sub_44,2026-08-30,421,COMPLETED,TWR_C
call_906,sub_44,2026-08-21,254,COMPLETED,TWR_C
call_907,sub_44,2026-08-30,261,COMPLETED,TWR_A
call_908,sub_44,2026-08-29,451,COMPLETED,TWR_A
call_909,sub_44,2026-08-19,158,COMPLETED,TWR_C
call_910,sub_44,2026-08-20,410,COMPLETED,TWR_C
call_911,sub_44,2026-08-22,634,COMPLETED,TWR_A
call_912,sub_44,2026-08-25,556,COMPLETED,TWR_A
call_913,sub_44,2026-08-24,276,COMPLETED,TWR_A
call_914,sub_44,2026-08-30,632,COMPLETED,TWR_B
call_915,sub_44,2026-08-23,229,COMPLETED,TWR_C
call_916,sub_44,2026-08-14,333,COMPLETED,TWR_C
call_917,sub_44,2026-08-28,245,COMPLETED,TWR_B
call_918,sub_44,2026-09-01,309,COMPLETED,TWR_C
call_919,sub_44,2026-08-29,244,COMPLETED,TWR_B
call_920,sub_44,2026-07-23,520,DROPPED,TWR_C
call_921,sub_44,2026-08-07,515,COMPLETED,TWR_C
call_922,sub_44,2026-08-15,339,COMPLETED,TWR_C
call_923,sub_44,2026-08-20,553,COMPLETED,TWR_A
call_924,sub_44,2026-09-01,288,COMPLETED,TWR_C
call_925,sub_44,2026-08-20,200,COMPLETED,TWR_C
call_926,sub_44,2026-08-31,331,COMPLETED,TWR_B
call_927,sub_44,2026-08-23,264,COMPLETED,TWR_B
call_928,sub_44,2026-08-25,454,COMPLETED,TWR_A
call_929,sub_44,2026-08-27,527,COMPLETED,TWR_A
call_930,sub_44,2026-09-02,173,COMPLETED,TWR_A
call_931,sub_44,2026-08-28,439,COMPLETED,TWR_C
call_932,sub_44,2026-08-18,497,COMPLETED,TWR_C
call_933,sub_45,2026-08-06,655,COMPLETED,TWR_C
call_934,sub_45,2026-07-21,502,COMPLETED,TWR_B
call_935,sub_45,2026-08-09,316,COMPLETED,TWR_B
call_936,sub_45,2026-07-24,206,COMPLETED,TWR_B
call_937,sub_45,2026-08-06,5,COMPLETED,TWR_B
call_938,sub_45,2026-07-25,391,DROPPED,TWR_B
call_939,sub_45,2026-08-04,236,DROPPED,TWR_C
call_940,sub_45,2026-08-09,155,COMPLETED,TWR_A
call_941,sub_45,2026-08-11,180,COMPLETED,TWR_B
call_942,sub_45,2026-08-02,175,COMPLETED,TWR_A
call_943,sub_45,2026-08-07,158,COMPLETED,TWR_C
call_944,sub_45,2026-08-05,391,COMPLETED,TWR_B
call_945,sub_46,2026-08-29,141,COMPLETED,TWR_A
call_946,sub_46,2026-08-25,303,COMPLETED,TWR_B
call_947,sub_46,2026-08-21,501,COMPLETED,TWR_A
call_948,sub_46,2026-08-17,430,COMPLETED,TWR_A
call_949,sub_46,2026-08-28,124,COMPLETED,TWR_C
call_950,sub_46,2026-08-24,323,COMPLETED,TWR_A
call_951,sub_46,2026-08-28,418,COMPLETED,TWR_C
call_952,sub_46,2026-08-15,8,COMPLETED,TWR_A
call_953,sub_46,2026-08-26,385,COMPLETED,TWR_A
call_954,sub_46,2026-08-17,454,COMPLETED,TWR_A
call_955,sub_46,2026-08-05,646,COMPLETED,TWR_A
call_956,sub_46,2026-08-05,312,COMPLETED,TWR_A
call_957,sub_46,2026-08-26,423,COMPLETED,TWR_A
call_958,sub_46,2026-08-28,519,COMPLETED,TWR_C
call_959,sub_46,2026-08-21,416,COMPLETED,TWR_A
call_960,sub_46,2026-08-20,548,DROPPED,TWR_B
call_961,sub_46,2026-08-27,301,COMPLETED,TWR_C
call_962,sub_46,2026-08-20,457,COMPLETED,TWR_A
call_963,sub_46,2026-08-29,441,COMPLETED,TWR_A
call_964,sub_46,2026-08-29,705,COMPLETED,TWR_C
call_965,sub_46,2026-08-01,244,DROPPED,TWR_B
call_966,sub_46,2026-08-17,431,DROPPED,TWR_B
call_967,sub_46,2026-08-07,457,COMPLETED,TWR_C
call_968,sub_46,2026-08-11,331,COMPLETED,TWR_C
call_969,sub_46,2026-08-25,33,DROPPED,TWR_B
call_970,sub_46,2026-08-22,476,COMPLETED,TWR_C
call_971,sub_46,2026-08-26,316,COMPLETED,TWR_B
call_972,sub_46,2026-08-23,905,COMPLETED,TWR_A
call_973,sub_46,2026-08-30,595,COMPLETED,TWR_C
call_974,sub_46,2026-08-27,301,COMPLETED,TWR_C
call_975,sub_46,2026-08-18,494,COMPLETED,TWR_C
call_976,sub_46,2026-08-25,449,COMPLETED,TWR_C
call_977,sub_47,2026-08-27,469,COMPLETED,TWR_C
call_978,sub_47,2026-08-19,339,COMPLETED,TWR_C
call_979,sub_47,2026-08-30,134,COMPLETED,TWR_C
call_980,sub_47,2026-08-16,148,COMPLETED,TWR_C
call_981,sub_47,2026-08-26,356,COMPLETED,TWR_B
call_982,sub_47,2026-08-24,431,COMPLETED,TWR_C
call_983,sub_47,2026-08-30,526,COMPLETED,TWR_B
call_984,sub_47,2026-08-31,551,COMPLETED,TWR_A
call_985,sub_47,2026-08-07,338,COMPLETED,TWR_C
call_986,sub_47,2026-08-15,486,COMPLETED,TWR_C
call_987,sub_47,2026-08-31,206,COMPLETED,TWR_B
call_988,sub_47,2026-08-15,308,COMPLETED,TWR_C
call_989,sub_47,2026-08-29,428,COMPLETED,TWR_A
call_990,sub_47,2026-08-16,5,COMPLETED,TWR_A
call_991,sub_47,2026-08-12,450,COMPLETED,TWR_B
call_992,sub_47,2026-08-18,209,COMPLETED,TWR_B
call_993,sub_47,2026-08-29,523,COMPLETED,TWR_C
call_994,sub_47,2026-08-28,641,COMPLETED,TWR_A
call_995,sub_47,2026-08-26,386,COMPLETED,TWR_A
call_996,sub_47,2026-08-30,412,COMPLETED,TWR_A
call_997,sub_47,2026-08-12,98,COMPLETED,TWR_B
call_998,sub_47,2026-08-06,174,COMPLETED,TWR_A
call_999,sub_47,2026-08-20,306,COMPLETED,TWR_B
call_1000,sub_48,2026-07-09,243,DROPPED,TWR_C
call_1001,sub_48,2026-08-01,264,COMPLETED,TWR_B
call_1002,sub_48,2026-08-11,5,DROPPED,TWR_A
call_1003,sub_48,2026-08-04,230,COMPLETED,TWR_C
call_1004,sub_48,2026-08-12,312,DROPPED,TWR_C
call_1005,sub_48,2026-07-28,235,COMPLETED,TWR_C
call_1006,sub_48,2026-08-10,210,DROPPED,TWR_C
call_1007,sub_48,2026-08-08,333,DROPPED,TWR_B
call_1008,sub_48,2026-07-26,5,COMPLETED,TWR_C
call_1009,sub_48,2026-08-01,407,COMPLETED,TWR_C
call_1010,sub_48,2026-08-11,335,COMPLETED,TWR_A
call_1011,sub_49,2026-08-16,605,COMPLETED,TWR_C
call_1012,sub_49,2026-08-26,231,COMPLETED,TWR_B
call_1013,sub_49,2026-08-23,449,COMPLETED,TWR_A
call_1014,sub_49,2026-08-24,237,COMPLETED,TWR_C
call_1015,sub_49,2026-08-27,537,COMPLETED,TWR_B
call_1016,sub_49,2026-08-15,199,COMPLETED,TWR_B
call_1017,sub_49,2026-08-31,433,COMPLETED,TWR_A
call_1018,sub_49,2026-08-25,245,COMPLETED,TWR_A
call_1019,sub_49,2026-08-22,511,COMPLETED,TWR_A
call_1020,sub_49,2026-08-22,428,COMPLETED,TWR_A
call_1021,sub_49,2026-08-20,568,COMPLETED,TWR_A
call_1022,sub_49,2026-08-30,5,COMPLETED,TWR_B
call_1023,sub_49,2026-08-17,424,COMPLETED,TWR_A
call_1024,sub_49,2026-08-27,230,COMPLETED,TWR_C
call_1025,sub_50,2026-08-15,37,COMPLETED,TWR_C
call_1026,sub_50,2026-08-30,430,COMPLETED,TWR_B
call_1027,sub_50,2026-09-02,496,COMPLETED,TWR_A
call_1028,sub_50,2026-08-18,483,COMPLETED,TWR_A
call_1029,sub_50,2026-09-02,321,COMPLETED,TWR_B
call_1030,sub_50,2026-08-29,476,COMPLETED,TWR_A
call_1031,sub_50,2026-08-30,544,COMPLETED,TWR_C
call_1032,sub_50,2026-09-03,596,COMPLETED,TWR_A
call_1033,sub_50,2026-08-31,644,DROPPED,TWR_A
call_1034,sub_50,2026-08-21,565,COMPLETED,TWR_C
call_1035,sub_50,2026-08-30,545,COMPLETED,TWR_A
call_1036,sub_50,2026-08-30,281,COMPLETED,TWR_A
call_1037,sub_50,2026-08-12,490,COMPLETED,TWR_C
call_1038,sub_50,2026-08-18,246,COMPLETED,TWR_C
call_1039,sub_50,2026-08-29,346,COMPLETED,TWR_C
call_1040,sub_50,2026-08-20,566,COMPLETED,TWR_C
call_1041,sub_50,2026-08-14,121,COMPLETED,TWR_B
call_1042,sub_50,2026-09-02,428,COMPLETED,TWR_B
call_1043,sub_50,2026-08-24,275,COMPLETED,TWR_B
call_1044,sub_50,2026-08-08,392,COMPLETED,TWR_C
call_1045,sub_50,2026-09-02,170,COMPLETED,TWR_C
call_1046,sub_50,2026-09-01,411,COMPLETED,TWR_A
call_1047,sub_50,2026-08-12,373,COMPLETED,TWR_A
call_1048,sub_50,2026-08-31,217,COMPLETED,TWR_C
call_1049,sub_50,2026-08-29,628,COMPLETED,TWR_B
call_1050,sub_50,2026-08-30,442,DROPPED,TWR_A
call_1051,sub_50,2026-08-25,529,COMPLETED,TWR_C
call_1052,sub_50,2026-09-02,471,COMPLETED,TWR_A
call_1053,sub_50,2026-08-31,302,COMPLETED,TWR_B
call_1054,sub_50,2026-08-24,454,COMPLETED,TWR_B
call_1055,sub_50,2026-08-27,445,COMPLETED,TWR_C
call_1056,sub_50,2026-08-25,657,COMPLETED,TWR_A
call_1057,sub_50,2026-08-19,21,COMPLETED,TWR_B
call_1058,sub_50,2026-08-24,468,COMPLETED,TWR_C
call_1059,sub_50,2026-08-23,266,COMPLETED,TWR_C
call_1060,sub_50,2026-08-09,628,COMPLETED,TWR_A
call_1061,sub_50,2026-08-03,641,COMPLETED,TWR_A
call_1062,sub_50,2026-08-25,468,COMPLETED,TWR_A
call_1063,sub_50,2026-09-02,362,COMPLETED,TWR_A
call_1064,sub_50,2026-08-30,343,COMPLETED,TWR_B
call_1065,sub_51,2026-08-20,365,COMPLETED,TWR_C
call_1066,sub_51,2026-08-04,530,COMPLETED,TWR_A
call_1067,sub_51,2026-08-27,34,COMPLETED,TWR_C
call_1068,sub_51,2026-08-24,503,COMPLETED,TWR_B
call_1069,sub_51,2026-08-25,512,COMPLETED,TWR_A
call_1070,sub_51,2026-08-26,685,COMPLETED,TWR_B
call_1071,sub_51,2026-08-11,506,COMPLETED,TWR_C
call_1072,sub_51,2026-08-23,331,COMPLETED,TWR_C
call_1073,sub_51,2026-08-27,227,COMPLETED,TWR_B
call_1074,sub_51,2026-08-29,387,COMPLETED,TWR_B
call_1075,sub_51,2026-08-18,446,COMPLETED,TWR_C
call_1076,sub_51,2026-08-19,568,COMPLETED,TWR_C
call_1077,sub_51,2026-08-29,436,COMPLETED,TWR_B
call_1078,sub_51,2026-08-23,341,COMPLETED,TWR_A
call_1079,sub_51,2026-08-13,39,COMPLETED,TWR_A
call_1080,sub_51,2026-08-16,546,COMPLETED,TWR_B
call_1081,sub_51,2026-08-25,104,COMPLETED,TWR_B
call_1082,sub_51,2026-08-19,88,COMPLETED,TWR_C
call_1083,sub_51,2026-08-29,530,COMPLETED,TWR_A
call_1084,sub_51,2026-08-24,312,COMPLETED,TWR_B
call_1085,sub_51,2026-08-17,623,COMPLETED,TWR_A
call_1086,sub_51,2026-08-21,263,COMPLETED,TWR_C
call_1087,sub_51,2026-06-16,239,COMPLETED,TWR_A
call_1088,sub_51,2026-08-19,494,COMPLETED,TWR_A
call_1089,sub_51,2026-08-06,331,COMPLETED,TWR_C
call_1090,sub_51,2026-08-28,378,COMPLETED,TWR_A
call_1091,sub_51,2026-08-11,221,COMPLETED,TWR_A
call_1092,sub_52,2026-08-28,157,COMPLETED,TWR_C
call_1093,sub_52,2026-08-31,504,COMPLETED,TWR_A
call_1094,sub_52,2026-08-25,437,COMPLETED,TWR_A
call_1095,sub_52,2026-08-19,423,COMPLETED,TWR_B
call_1096,sub_52,2026-08-06,538,COMPLETED,TWR_C
call_1097,sub_52,2026-08-28,42,COMPLETED,TWR_C
call_1098,sub_52,2026-08-31,353,COMPLETED,TWR_C
call_1099,sub_52,2026-08-16,371,DROPPED,TWR_A
call_1100,sub_52,2026-08-26,30,COMPLETED,TWR_B
call_1101,sub_52,2026-08-24,512,COMPLETED,TWR_C
call_1102,sub_52,2026-08-25,413,DROPPED,TWR_C
call_1103,sub_52,2026-08-29,348,COMPLETED,TWR_B
call_1104,sub_52,2026-08-16,321,COMPLETED,TWR_B
call_1105,sub_52,2026-08-25,787,COMPLETED,TWR_B
call_1106,sub_52,2026-08-30,507,COMPLETED,TWR_C
call_1107,sub_52,2026-08-29,5,COMPLETED,TWR_C
call_1108,sub_52,2026-08-25,276,COMPLETED,TWR_C
call_1109,sub_52,2026-08-14,434,COMPLETED,TWR_A
call_1110,sub_52,2026-08-28,387,COMPLETED,TWR_C
call_1111,sub_52,2026-08-22,429,COMPLETED,TWR_B
call_1112,sub_52,2026-08-24,568,COMPLETED,TWR_C
call_1113,sub_52,2026-08-25,451,COMPLETED,TWR_A
call_1114,sub_52,2026-08-11,170,COMPLETED,TWR_A
call_1115,sub_52,2026-08-22,278,COMPLETED,TWR_A
call_1116,sub_52,2026-08-24,270,COMPLETED,TWR_B
call_1117,sub_52,2026-08-28,537,COMPLETED,TWR_C
call_1118,sub_52,2026-08-29,190,DROPPED,TWR_A
call_1119,sub_52,2026-08-24,237,COMPLETED,TWR_C
call_1120,sub_52,2026-08-24,322,COMPLETED,TWR_C
call_1121,sub_53,2026-08-27,235,DROPPED,TWR_B
call_1122,sub_53,2026-08-04,554,COMPLETED,TWR_A
call_1123,sub_53,2026-08-26,480,COMPLETED,TWR_A
call_1124,sub_53,2026-08-27,374,COMPLETED,TWR_A
call_1125,sub_53,2026-08-15,5,COMPLETED,TWR_B
call_1126,sub_53,2026-08-01,252,DROPPED,TWR_B
call_1127,sub_53,2026-08-26,385,COMPLETED,TWR_A
call_1128,sub_53,2026-08-23,468,DROPPED,TWR_C
call_1129,sub_53,2026-08-29,5,COMPLETED,TWR_C
call_1130,sub_53,2026-08-19,476,COMPLETED,TWR_A
call_1131,sub_53,2026-08-28,258,COMPLETED,TWR_B
call_1132,sub_53,2026-08-19,478,COMPLETED,TWR_A
call_1133,sub_53,2026-08-15,151,COMPLETED,TWR_C
call_1134,sub_53,2026-08-08,261,COMPLETED,TWR_C
call_1135,sub_53,2026-08-25,59,COMPLETED,TWR_A
call_1136,sub_54,2026-08-28,864,COMPLETED,TWR_A
call_1137,sub_54,2026-09-01,298,COMPLETED,TWR_A
call_1138,sub_54,2026-08-26,640,COMPLETED,TWR_B
call_1139,sub_54,2026-08-26,341,COMPLETED,TWR_C
call_1140,sub_54,2026-09-01,249,COMPLETED,TWR_A
call_1141,sub_54,2026-09-01,662,COMPLETED,TWR_A
call_1142,sub_54,2026-09-01,342,COMPLETED,TWR_B
call_1143,sub_54,2026-07-29,528,COMPLETED,TWR_B
call_1144,sub_54,2026-08-25,226,COMPLETED,TWR_A
call_1145,sub_54,2026-08-26,422,COMPLETED,TWR_C
call_1146,sub_54,2026-08-29,239,COMPLETED,TWR_C
call_1147,sub_54,2026-06-14,195,COMPLETED,TWR_C
call_1148,sub_54,2026-08-31,652,DROPPED,TWR_C
call_1149,sub_54,2026-08-26,820,COMPLETED,TWR_C
call_1150,sub_54,2026-09-01,64,COMPLETED,TWR_B
call_1151,sub_54,2026-08-31,593,COMPLETED,TWR_B
call_1152,sub_54,2026-08-17,192,COMPLETED,TWR_A
call_1153,sub_54,2026-07-26,313,COMPLETED,TWR_A
call_1154,sub_54,2026-08-19,330,COMPLETED,TWR_A
call_1155,sub_54,2026-08-10,384,COMPLETED,TWR_C
call_1156,sub_54,2026-08-25,246,COMPLETED,TWR_A
call_1157,sub_54,2026-08-20,387,COMPLETED,TWR_B
call_1158,sub_55,2026-07-17,437,COMPLETED,TWR_A
call_1159,sub_55,2026-08-28,307,COMPLETED,TWR_B
call_1160,sub_55,2026-08-20,518,COMPLETED,TWR_C
call_1161,sub_55,2026-08-22,70,COMPLETED,TWR_B
call_1162,sub_55,2026-08-26,307,COMPLETED,TWR_B
call_1163,sub_55,2026-08-14,458,COMPLETED,TWR_C
call_1164,sub_55,2026-08-26,481,COMPLETED,TWR_C
call_1165,sub_55,2026-08-14,522,COMPLETED,TWR_C
call_1166,sub_55,2026-08-10,332,COMPLETED,TWR_B
call_1167,sub_55,2026-08-27,435,COMPLETED,TWR_A
call_1168,sub_55,2026-08-14,437,COMPLETED,TWR_A
call_1169,sub_55,2026-08-06,123,COMPLETED,TWR_A
call_1170,sub_55,2026-08-25,348,COMPLETED,TWR_A
call_1171,sub_55,2026-08-27,293,COMPLETED,TWR_C
call_1172,sub_55,2026-08-28,521,COMPLETED,TWR_A
call_1173,sub_55,2026-08-24,278,COMPLETED,TWR_B
call_1174,sub_55,2026-08-25,405,COMPLETED,TWR_B
call_1175,sub_55,2026-08-08,649,DROPPED,TWR_B
call_1176,sub_55,2026-08-20,615,COMPLETED,TWR_C
call_1177,sub_55,2026-08-12,277,DROPPED,TWR_A
call_1178,sub_55,2026-08-22,268,COMPLETED,TWR_C
call_1179,sub_55,2026-08-25,176,DROPPED,TWR_A
call_1180,sub_55,2026-08-28,273,COMPLETED,TWR_A
call_1181,sub_55,2026-08-28,369,COMPLETED,TWR_B
call_1182,sub_55,2026-08-26,434,COMPLETED,TWR_B
call_1183,sub_55,2026-08-28,573,COMPLETED,TWR_C
call_1184,sub_55,2026-08-24,581,DROPPED,TWR_C
call_1185,sub_56,2026-08-25,211,COMPLETED,TWR_C
call_1186,sub_56,2026-08-25,263,COMPLETED,TWR_B
call_1187,sub_56,2026-08-25,180,COMPLETED,TWR_C
call_1188,sub_56,2026-08-14,128,COMPLETED,TWR_B
call_1189,sub_56,2026-08-06,372,COMPLETED,TWR_A
call_1190,sub_57,2026-08-29,329,COMPLETED,TWR_B
call_1191,sub_57,2026-08-20,606,COMPLETED,TWR_C
call_1192,sub_57,2026-08-17,468,COMPLETED,TWR_A
call_1193,sub_57,2026-08-23,487,COMPLETED,TWR_C
call_1194,sub_57,2026-08-19,382,COMPLETED,TWR_C
call_1195,sub_57,2026-08-29,457,COMPLETED,TWR_C
call_1196,sub_57,2026-08-23,217,COMPLETED,TWR_C
call_1197,sub_57,2026-08-26,343,COMPLETED,TWR_B
call_1198,sub_57,2026-08-09,135,COMPLETED,TWR_A
call_1199,sub_57,2026-08-20,331,DROPPED,TWR_A
call_1200,sub_57,2026-08-23,246,COMPLETED,TWR_A
call_1201,sub_57,2026-08-13,291,COMPLETED,TWR_C
call_1202,sub_57,2026-08-27,248,COMPLETED,TWR_A
call_1203,sub_57,2026-08-14,495,COMPLETED,TWR_C
call_1204,sub_57,2026-08-25,399,COMPLETED,TWR_B
call_1205,sub_57,2026-08-29,259,COMPLETED,TWR_A
call_1206,sub_57,2026-08-29,248,COMPLETED,TWR_A
call_1207,sub_57,2026-08-22,328,COMPLETED,TWR_A
call_1208,sub_57,2026-08-19,186,COMPLETED,TWR_A
call_1209,sub_57,2026-08-24,500,COMPLETED,TWR_A
call_1210,sub_57,2026-08-25,504,COMPLETED,TWR_B
call_1211,sub_57,2026-08-23,523,COMPLETED,TWR_A
call_1212,sub_57,2026-08-25,512,DROPPED,TWR_A
call_1213,sub_58,2026-08-26,187,COMPLETED,TWR_A
call_1214,sub_58,2026-08-19,549,COMPLETED,TWR_C
call_1215,sub_58,2026-08-20,341,COMPLETED,TWR_C
call_1216,sub_58,2026-08-23,332,COMPLETED,TWR_C
call_1217,sub_58,2026-08-25,123,COMPLETED,TWR_A
call_1218,sub_58,2026-08-16,132,COMPLETED,TWR_B
call_1219,sub_58,2026-08-23,580,COMPLETED,TWR_C
call_1220,sub_58,2026-08-10,405,COMPLETED,TWR_C
call_1221,sub_58,2026-08-30,118,COMPLETED,TWR_C
call_1222,sub_58,2026-07-12,418,COMPLETED,TWR_A
call_1223,sub_58,2026-08-29,427,COMPLETED,TWR_B
call_1224,sub_58,2026-08-27,267,DROPPED,TWR_B
call_1225,sub_58,2026-08-19,496,COMPLETED,TWR_C
call_1226,sub_58,2026-08-22,530,COMPLETED,TWR_C
call_1227,sub_58,2026-08-18,654,COMPLETED,TWR_B
call_1228,sub_58,2026-08-25,149,COMPLETED,TWR_B
call_1229,sub_58,2026-08-15,736,COMPLETED,TWR_B
call_1230,sub_58,2026-08-12,61,DROPPED,TWR_A
call_1231,sub_58,2026-07-09,193,COMPLETED,TWR_B
call_1232,sub_58,2026-08-27,219,COMPLETED,TWR_A
call_1233,sub_59,2026-08-01,15,COMPLETED,TWR_B
call_1234,sub_59,2026-07-24,10,COMPLETED,TWR_A
call_1235,sub_59,2026-07-27,63,COMPLETED,TWR_C
call_1236,sub_60,2026-08-02,277,COMPLETED,TWR_B
call_1237,sub_60,2026-08-11,273,COMPLETED,TWR_A
call_1238,sub_60,2026-08-04,299,COMPLETED,TWR_B
call_1239,sub_60,2026-07-13,340,COMPLETED,TWR_B
call_1240,sub_60,2026-08-11,247,COMPLETED,TWR_B
call_1241,sub_60,2026-08-02,80,COMPLETED,TWR_C
call_1242,sub_60,2026-08-11,196,COMPLETED,TWR_C
call_1243,sub_60,2026-07-20,76,DROPPED,TWR_A
call_1244,sub_60,2026-07-29,452,DROPPED,TWR_C
call_1245,sub_60,2026-08-06,724,COMPLETED,TWR_B
call_1246,sub_60,2026-08-06,111,COMPLETED,TWR_B
call_1247,sub_60,2026-08-03,175,COMPLETED,TWR_B
call_1248,sub_60,2026-07-21,137,COMPLETED,TWR_A
call_1249,sub_60,2026-08-08,31,DROPPED,TWR_C
call_1250,sub_60,2026-07-28,150,COMPLETED,TWR_B
call_1251,sub_60,2026-07-31,290,COMPLETED,TWR_B
call_1252,sub_60,2026-08-11,135,COMPLETED,TWR_A
call_1253,sub_60,2026-08-11,320,COMPLETED,TWR_A
call_1254,sub_60,2026-08-12,826,DROPPED,TWR_C
call_1255,sub_60,2026-08-05,465,DROPPED,TWR_B
call_1256,sub_60,2026-08-12,39,DROPPED,TWR_C
call_1257,sub_60,2026-07-28,446,COMPLETED,TWR_A
call_1258,sub_60,2026-08-03,89,COMPLETED,TWR_A
call_1259,sub_60,2026-08-08,5,COMPLETED,TWR_C
call_1260,sub_60,2026-07-27,645,COMPLETED,TWR_B
call_1261,sub_60,2026-08-07,411,COMPLETED,TWR_C
call_1262,sub_61,2026-07-20,216,DROPPED,TWR_C
call_1263,sub_61,2026-08-16,198,DROPPED,TWR_B
call_1264,sub_61,2026-08-17,59,COMPLETED,TWR_A
call_1265,sub_61,2026-08-02,5,COMPLETED,TWR_A
call_1266,sub_61,2026-08-17,274,COMPLETED,TWR_C
call_1267,sub_61,2026-08-13,233,COMPLETED,TWR_C
call_1268,sub_61,2026-08-09,322,COMPLETED,TWR_C
call_1269,sub_61,2026-08-06,5,DROPPED,TWR_B
call_1270,sub_61,2026-08-13,444,COMPLETED,TWR_A
call_1271,sub_61,2026-08-17,518,DROPPED,TWR_A
call_1272,sub_61,2026-07-27,321,COMPLETED,TWR_A
call_1273,sub_62,2026-08-26,475,COMPLETED,TWR_A
call_1274,sub_62,2026-07-15,108,COMPLETED,TWR_C
call_1275,sub_62,2026-08-18,471,COMPLETED,TWR_A
call_1276,sub_62,2026-08-11,573,COMPLETED,TWR_B
call_1277,sub_62,2026-08-11,5,COMPLETED,TWR_B
call_1278,sub_62,2026-07-22,11,DROPPED,TWR_C
call_1279,sub_62,2026-08-10,538,COMPLETED,TWR_C
call_1280,sub_62,2026-08-13,67,COMPLETED,TWR_B
call_1281,sub_62,2026-08-19,194,COMPLETED,TWR_C
call_1282,sub_62,2026-08-23,330,COMPLETED,TWR_C
call_1283,sub_62,2026-08-12,158,COMPLETED,TWR_A
call_1284,sub_62,2026-08-02,486,COMPLETED,TWR_B
call_1285,sub_62,2026-08-24,352,DROPPED,TWR_B
call_1286,sub_62,2026-08-24,827,COMPLETED,TWR_B
call_1287,sub_62,2026-08-20,430,DROPPED,TWR_C
call_1288,sub_62,2026-08-14,220,COMPLETED,TWR_C
call_1289,sub_62,2026-08-18,344,COMPLETED,TWR_B
call_1290,sub_62,2026-08-19,315,COMPLETED,TWR_A
call_1291,sub_62,2026-08-17,325,COMPLETED,TWR_A
call_1292,sub_62,2026-08-24,315,DROPPED,TWR_A
call_1293,sub_62,2026-07-24,595,COMPLETED,TWR_A
call_1294,sub_62,2026-08-08,786,COMPLETED,TWR_A
call_1295,sub_62,2026-08-05,31,COMPLETED,TWR_A
call_1296,sub_62,2026-08-19,431,COMPLETED,TWR_C
call_1297,sub_63,2026-08-25,327,COMPLETED,TWR_C
call_1298,sub_63,2026-08-23,326,COMPLETED,TWR_B
call_1299,sub_63,2026-08-12,236,COMPLETED,TWR_C
call_1300,sub_63,2026-08-14,275,COMPLETED,TWR_C
call_1301,sub_63,2026-07-27,353,COMPLETED,TWR_A
call_1302,sub_63,2026-08-25,151,COMPLETED,TWR_A
call_1303,sub_63,2026-08-27,649,COMPLETED,TWR_C
call_1304,sub_63,2026-08-18,196,COMPLETED,TWR_A
call_1305,sub_63,2026-07-24,244,COMPLETED,TWR_B
call_1306,sub_63,2026-08-03,294,COMPLETED,TWR_A
call_1307,sub_63,2026-08-02,403,COMPLETED,TWR_A
call_1308,sub_63,2026-08-18,538,COMPLETED,TWR_B
call_1309,sub_63,2026-08-06,270,COMPLETED,TWR_C
call_1310,sub_63,2026-08-14,384,COMPLETED,TWR_A
call_1311,sub_63,2026-08-24,567,COMPLETED,TWR_A
call_1312,sub_63,2026-08-20,242,COMPLETED,TWR_A
call_1313,sub_63,2026-08-14,337,COMPLETED,TWR_B
call_1314,sub_63,2026-08-07,623,COMPLETED,TWR_C
call_1315,sub_63,2026-08-25,504,COMPLETED,TWR_C
call_1316,sub_63,2026-07-28,360,COMPLETED,TWR_A
call_1317,sub_63,2026-08-25,418,COMPLETED,TWR_B
call_1318,sub_63,2026-08-22,340,COMPLETED,TWR_A
call_1319,sub_63,2026-08-23,698,COMPLETED,TWR_C
call_1320,sub_63,2026-08-21,439,COMPLETED,TWR_B
call_1321,sub_63,2026-08-22,5,COMPLETED,TWR_B
call_1322,sub_63,2026-08-15,483,COMPLETED,TWR_C
call_1323,sub_63,2026-08-18,5,COMPLETED,TWR_A
call_1324,sub_64,2026-08-24,240,COMPLETED,TWR_A
call_1325,sub_64,2026-08-24,508,COMPLETED,TWR_A
call_1326,sub_64,2026-08-28,328,COMPLETED,TWR_A
call_1327,sub_64,2026-08-31,445,COMPLETED,TWR_A
call_1328,sub_64,2026-08-27,319,DROPPED,TWR_A
call_1329,sub_64,2026-08-29,273,COMPLETED,TWR_A
call_1330,sub_64,2026-08-31,387,COMPLETED,TWR_C
call_1331,sub_64,2026-08-30,489,COMPLETED,TWR_C
call_1332,sub_64,2026-08-14,578,COMPLETED,TWR_C
call_1333,sub_64,2026-08-06,577,COMPLETED,TWR_C
call_1334,sub_64,2026-08-18,571,COMPLETED,TWR_A
call_1335,sub_64,2026-08-25,510,COMPLETED,TWR_B
call_1336,sub_64,2026-08-30,141,COMPLETED,TWR_B
call_1337,sub_64,2026-08-23,563,COMPLETED,TWR_B
call_1338,sub_64,2026-08-21,268,COMPLETED,TWR_C
call_1339,sub_64,2026-08-05,234,COMPLETED,TWR_B
call_1340,sub_64,2026-08-13,606,COMPLETED,TWR_B
call_1341,sub_64,2026-08-31,500,COMPLETED,TWR_B
call_1342,sub_64,2026-08-30,415,COMPLETED,TWR_A
call_1343,sub_64,2026-08-04,244,COMPLETED,TWR_A
call_1344,sub_64,2026-08-06,228,COMPLETED,TWR_A
call_1345,sub_64,2026-08-29,583,COMPLETED,TWR_C
call_1346,sub_64,2026-08-27,400,COMPLETED,TWR_B
call_1347,sub_64,2026-08-31,93,COMPLETED,TWR_B
call_1348,sub_64,2026-08-24,437,COMPLETED,TWR_B
call_1349,sub_64,2026-07-26,163,COMPLETED,TWR_A
call_1350,sub_64,2026-08-25,117,COMPLETED,TWR_A
call_1351,sub_64,2026-08-31,265,COMPLETED,TWR_A
call_1352,sub_64,2026-08-31,5,COMPLETED,TWR_C
call_1353,sub_64,2026-08-10,575,COMPLETED,TWR_B
call_1354,sub_64,2026-07-24,433,COMPLETED,TWR_B
call_1355,sub_64,2026-08-28,444,COMPLETED,TWR_A
call_1356,sub_64,2026-08-28,387,COMPLETED,TWR_B
call_1357,sub_64,2026-08-24,298,COMPLETED,TWR_C
call_1358,sub_64,2026-08-27,233,COMPLETED,TWR_A
call_1359,sub_64,2026-08-30,96,COMPLETED,TWR_B
call_1360,sub_64,2026-08-16,246,COMPLETED,TWR_C
call_1361,sub_64,2026-08-07,498,COMPLETED,TWR_A
call_1362,sub_64,2026-08-28,416,COMPLETED,TWR_B
call_1363,sub_65,2026-08-31,568,COMPLETED,TWR_C
call_1364,sub_65,2026-08-23,562,COMPLETED,TWR_C
call_1365,sub_65,2026-09-01,315,COMPLETED,TWR_A
call_1366,sub_65,2026-08-31,150,DROPPED,TWR_A
call_1367,sub_65,2026-08-31,351,COMPLETED,TWR_C
call_1368,sub_65,2026-08-23,425,COMPLETED,TWR_B
call_1369,sub_65,2026-08-26,648,COMPLETED,TWR_C
call_1370,sub_65,2026-08-14,320,COMPLETED,TWR_B
call_1371,sub_65,2026-08-14,557,COMPLETED,TWR_C
call_1372,sub_65,2026-08-24,235,COMPLETED,TWR_C
call_1373,sub_65,2026-08-07,451,COMPLETED,TWR_A
call_1374,sub_65,2026-08-29,355,COMPLETED,TWR_C
call_1375,sub_65,2026-09-02,897,COMPLETED,TWR_B
call_1376,sub_65,2026-08-11,358,COMPLETED,TWR_A
call_1377,sub_65,2026-07-23,540,COMPLETED,TWR_A
call_1378,sub_65,2026-08-12,86,COMPLETED,TWR_A
call_1379,sub_65,2026-08-19,145,COMPLETED,TWR_C
call_1380,sub_65,2026-08-29,565,COMPLETED,TWR_B
call_1381,sub_65,2026-08-24,630,COMPLETED,TWR_B
call_1382,sub_65,2026-08-31,240,DROPPED,TWR_A
call_1383,sub_65,2026-08-17,520,COMPLETED,TWR_C
call_1384,sub_65,2026-08-24,439,COMPLETED,TWR_A
call_1385,sub_65,2026-08-18,321,COMPLETED,TWR_B
call_1386,sub_65,2026-08-14,614,COMPLETED,TWR_A
call_1387,sub_65,2026-08-23,592,COMPLETED,TWR_C
call_1388,sub_65,2026-08-31,739,COMPLETED,TWR_C
call_1389,sub_65,2026-08-23,663,COMPLETED,TWR_A
call_1390,sub_65,2026-08-30,486,COMPLETED,TWR_B
call_1391,sub_66,2026-08-15,145,COMPLETED,TWR_B
call_1392,sub_66,2026-08-18,223,COMPLETED,TWR_A
call_1393,sub_66,2026-08-15,97,COMPLETED,TWR_B
call_1394,sub_66,2026-07-29,447,COMPLETED,TWR_A
call_1395,sub_66,2026-08-06,266,COMPLETED,TWR_A
call_1396,sub_66,2026-08-16,165,COMPLETED,TWR_C
call_1397,sub_66,2026-08-17,505,COMPLETED,TWR_B
call_1398,sub_66,2026-08-15,160,COMPLETED,TWR_A
call_1399,sub_66,2026-08-12,5,COMPLETED,TWR_A
call_1400,sub_66,2026-08-15,59,COMPLETED,TWR_C
call_1401,sub_66,2026-07-08,320,COMPLETED,TWR_C
call_1402,sub_66,2026-08-13,518,COMPLETED,TWR_A
call_1403,sub_66,2026-07-23,5,COMPLETED,TWR_C
call_1404,sub_66,2026-07-19,150,DROPPED,TWR_A
call_1405,sub_66,2026-07-23,126,COMPLETED,TWR_B
call_1406,sub_66,2026-08-18,349,COMPLETED,TWR_C
call_1407,sub_66,2026-08-14,37,DROPPED,TWR_B
call_1408,sub_67,2026-08-22,246,COMPLETED,TWR_C
call_1409,sub_67,2026-08-23,5,COMPLETED,TWR_C
call_1410,sub_67,2026-07-26,199,COMPLETED,TWR_A
call_1411,sub_67,2026-08-23,691,DROPPED,TWR_A
call_1412,sub_67,2026-08-19,297,COMPLETED,TWR_B
call_1413,sub_67,2026-08-23,5,COMPLETED,TWR_B
call_1414,sub_67,2026-07-21,632,COMPLETED,TWR_B
call_1415,sub_67,2026-08-20,315,COMPLETED,TWR_C
call_1416,sub_67,2026-08-24,594,COMPLETED,TWR_B
call_1417,sub_67,2026-08-15,92,COMPLETED,TWR_A
call_1418,sub_67,2026-08-23,317,COMPLETED,TWR_A
call_1419,sub_67,2026-08-20,291,COMPLETED,TWR_A
call_1420,sub_67,2026-08-01,479,COMPLETED,TWR_C
call_1421,sub_67,2026-08-04,382,DROPPED,TWR_C
call_1422,sub_67,2026-07-24,172,DROPPED,TWR_A
call_1423,sub_67,2026-07-29,65,DROPPED,TWR_B
call_1424,sub_67,2026-08-09,237,COMPLETED,TWR_C
call_1425,sub_67,2026-08-20,632,COMPLETED,TWR_B
call_1426,sub_67,2026-08-19,415,COMPLETED,TWR_B
call_1427,sub_67,2026-08-23,274,DROPPED,TWR_A
call_1428,sub_67,2026-08-16,287,COMPLETED,TWR_C
call_1429,sub_68,2026-07-23,49,COMPLETED,TWR_C
call_1430,sub_69,2026-08-16,5,COMPLETED,TWR_B
call_1431,sub_69,2026-08-20,454,COMPLETED,TWR_C
call_1432,sub_69,2026-08-07,401,COMPLETED,TWR_C
call_1433,sub_69,2026-08-02,83,DROPPED,TWR_B
call_1434,sub_69,2026-08-16,289,COMPLETED,TWR_C
call_1435,sub_69,2026-08-15,283,COMPLETED,TWR_A
call_1436,sub_69,2026-08-19,150,COMPLETED,TWR_A
call_1437,sub_70,2026-08-30,86,COMPLETED,TWR_B
call_1438,sub_70,2026-08-07,442,COMPLETED,TWR_C
call_1439,sub_70,2026-08-21,288,COMPLETED,TWR_A
call_1440,sub_70,2026-08-20,494,COMPLETED,TWR_C
call_1441,sub_70,2026-08-29,479,COMPLETED,TWR_A
call_1442,sub_70,2026-08-29,492,COMPLETED,TWR_A
call_1443,sub_70,2026-08-25,504,COMPLETED,TWR_B
call_1444,sub_70,2026-08-09,100,COMPLETED,TWR_C
call_1445,sub_70,2026-08-30,580,COMPLETED,TWR_A
call_1446,sub_70,2026-08-29,509,COMPLETED,TWR_A
call_1447,sub_70,2026-08-31,587,COMPLETED,TWR_B
call_1448,sub_70,2026-08-24,343,COMPLETED,TWR_A
call_1449,sub_70,2026-08-19,612,COMPLETED,TWR_C
call_1450,sub_70,2026-08-26,346,COMPLETED,TWR_C
call_1451,sub_70,2026-08-18,98,COMPLETED,TWR_A
call_1452,sub_70,2026-08-29,338,COMPLETED,TWR_C
call_1453,sub_70,2026-08-22,533,COMPLETED,TWR_C
call_1454,sub_70,2026-08-20,355,COMPLETED,TWR_A
call_1455,sub_70,2026-08-28,222,COMPLETED,TWR_A
call_1456,sub_70,2026-08-29,394,COMPLETED,TWR_C
call_1457,sub_70,2026-08-19,493,COMPLETED,TWR_A
call_1458,sub_70,2026-08-29,386,COMPLETED,TWR_A
call_1459,sub_70,2026-08-24,375,COMPLETED,TWR_A
call_1460,sub_70,2026-08-14,537,COMPLETED,TWR_A
call_1461,sub_70,2026-08-23,452,COMPLETED,TWR_C
call_1462,sub_70,2026-07-22,232,COMPLETED,TWR_C
call_1463,sub_70,2026-09-02,648,COMPLETED,TWR_B
call_1464,sub_70,2026-09-02,524,COMPLETED,TWR_A
call_1465,sub_70,2026-08-24,315,DROPPED,TWR_B
call_1466,sub_70,2026-09-01,380,COMPLETED,TWR_C
call_1467,sub_70,2026-08-12,669,COMPLETED,TWR_A
call_1468,sub_70,2026-08-24,193,COMPLETED,TWR_B
call_1469,sub_70,2026-08-29,415,COMPLETED,TWR_A
call_1470,sub_70,2026-08-17,851,COMPLETED,TWR_C
call_1471,sub_70,2026-08-27,427,COMPLETED,TWR_A
call_1472,sub_70,2026-08-31,558,COMPLETED,TWR_A
call_1473,sub_70,2026-09-01,426,COMPLETED,TWR_C
call_1474,sub_71,2026-08-26,518,COMPLETED,TWR_B
call_1475,sub_71,2026-08-08,376,COMPLETED,TWR_B
call_1476,sub_71,2026-08-27,337,COMPLETED,TWR_B
call_1477,sub_71,2026-08-29,7,COMPLETED,TWR_B
call_1478,sub_71,2026-08-30,365,COMPLETED,TWR_B
call_1479,sub_71,2026-08-15,304,COMPLETED,TWR_C
call_1480,sub_71,2026-08-26,325,COMPLETED,TWR_C
call_1481,sub_71,2026-08-12,397,COMPLETED,TWR_C
call_1482,sub_71,2026-08-21,214,COMPLETED,TWR_B
call_1483,sub_71,2026-08-24,217,COMPLETED,TWR_B
call_1484,sub_71,2026-08-29,211,COMPLETED,TWR_A
call_1485,sub_71,2026-08-27,219,COMPLETED,TWR_B
call_1486,sub_71,2026-08-27,747,COMPLETED,TWR_C
call_1487,sub_71,2026-08-25,243,COMPLETED,TWR_A
call_1488,sub_71,2026-08-17,340,COMPLETED,TWR_A
call_1489,sub_71,2026-08-18,341,DROPPED,TWR_C
call_1490,sub_71,2026-08-25,562,COMPLETED,TWR_A
call_1491,sub_71,2026-07-12,159,COMPLETED,TWR_A
call_1492,sub_71,2026-08-01,333,COMPLETED,TWR_A
call_1493,sub_71,2026-08-13,101,COMPLETED,TWR_A
call_1494,sub_71,2026-08-12,481,COMPLETED,TWR_B
call_1495,sub_71,2026-08-28,108,COMPLETED,TWR_B
call_1496,sub_71,2026-08-28,168,COMPLETED,TWR_C
call_1497,sub_71,2026-08-15,58,DROPPED,TWR_C
call_1498,sub_71,2026-08-30,391,COMPLETED,TWR_A
call_1499,sub_71,2026-08-29,540,COMPLETED,TWR_C
call_1500,sub_71,2026-08-24,398,COMPLETED,TWR_C
call_1501,sub_71,2026-08-30,128,COMPLETED,TWR_A
call_1502,sub_71,2026-08-27,340,COMPLETED,TWR_C
call_1503,sub_71,2026-08-22,559,COMPLETED,TWR_B
call_1504,sub_71,2026-07-11,307,COMPLETED,TWR_C
call_1505,sub_71,2026-08-09,261,COMPLETED,TWR_A
call_1506,sub_71,2026-08-17,175,COMPLETED,TWR_A
call_1507,sub_71,2026-07-23,210,COMPLETED,TWR_B
call_1508,sub_71,2026-08-12,624,DROPPED,TWR_B
call_1509,sub_71,2026-08-24,358,COMPLETED,TWR_B
call_1510,sub_72,2026-08-28,523,COMPLETED,TWR_B
call_1511,sub_72,2026-08-08,381,COMPLETED,TWR_C
call_1512,sub_72,2026-07-30,652,COMPLETED,TWR_B
call_1513,sub_72,2026-08-28,635,DROPPED,TWR_A
call_1514,sub_72,2026-08-25,396,COMPLETED,TWR_A
call_1515,sub_72,2026-08-14,430,COMPLETED,TWR_C
call_1516,sub_72,2026-08-22,424,COMPLETED,TWR_C
call_1517,sub_72,2026-08-30,567,COMPLETED,TWR_C
call_1518,sub_72,2026-08-23,468,COMPLETED,TWR_C
call_1519,sub_72,2026-08-14,350,COMPLETED,TWR_C
call_1520,sub_72,2026-08-29,457,COMPLETED,TWR_C
call_1521,sub_72,2026-08-13,482,COMPLETED,TWR_B
call_1522,sub_72,2026-08-02,361,COMPLETED,TWR_C
call_1523,sub_72,2026-08-02,102,COMPLETED,TWR_B
call_1524,sub_72,2026-08-30,215,COMPLETED,TWR_A
call_1525,sub_72,2026-08-27,208,COMPLETED,TWR_A
call_1526,sub_72,2026-08-19,750,COMPLETED,TWR_A
call_1527,sub_72,2026-08-24,403,COMPLETED,TWR_A
call_1528,sub_72,2026-08-30,139,COMPLETED,TWR_C
call_1529,sub_72,2026-08-15,531,COMPLETED,TWR_A
call_1530,sub_72,2026-08-25,261,COMPLETED,TWR_B
call_1531,sub_72,2026-08-24,314,DROPPED,TWR_C
call_1532,sub_72,2026-08-31,400,COMPLETED,TWR_A
call_1533,sub_72,2026-08-24,526,COMPLETED,TWR_B
call_1534,sub_73,2026-08-03,149,COMPLETED,TWR_A
call_1535,sub_73,2026-08-17,61,COMPLETED,TWR_C
call_1536,sub_74,2026-08-24,5,COMPLETED,TWR_A
call_1537,sub_74,2026-08-19,281,COMPLETED,TWR_B
call_1538,sub_74,2026-08-14,274,COMPLETED,TWR_B
call_1539,sub_74,2026-08-11,210,COMPLETED,TWR_B
call_1540,sub_74,2026-08-07,260,COMPLETED,TWR_A
call_1541,sub_74,2026-08-22,222,COMPLETED,TWR_A
call_1542,sub_74,2026-08-24,363,COMPLETED,TWR_C
call_1543,sub_74,2026-08-13,34,COMPLETED,TWR_C
call_1544,sub_74,2026-08-16,45,COMPLETED,TWR_C
call_1545,sub_75,2026-08-25,361,COMPLETED,TWR_A
call_1546,sub_75,2026-08-21,401,COMPLETED,TWR_A
call_1547,sub_75,2026-08-12,573,COMPLETED,TWR_C
call_1548,sub_75,2026-08-19,367,COMPLETED,TWR_B
call_1549,sub_75,2026-08-25,280,COMPLETED,TWR_C
call_1550,sub_75,2026-08-10,246,COMPLETED,TWR_A
call_1551,sub_75,2026-08-17,25,DROPPED,TWR_C
call_1552,sub_75,2026-08-06,503,COMPLETED,TWR_C
call_1553,sub_75,2026-08-06,5,COMPLETED,TWR_C
call_1554,sub_75,2026-07-30,161,COMPLETED,TWR_C
call_1555,sub_75,2026-07-11,356,COMPLETED,TWR_A
call_1556,sub_75,2026-08-22,361,COMPLETED,TWR_B
call_1557,sub_76,2026-08-26,320,COMPLETED,TWR_A
call_1558,sub_76,2026-08-18,5,COMPLETED,TWR_A
call_1559,sub_76,2026-08-21,123,COMPLETED,TWR_A
call_1560,sub_76,2026-07-29,207,COMPLETED,TWR_B
call_1561,sub_76,2026-08-19,36,COMPLETED,TWR_B
call_1562,sub_76,2026-08-22,186,COMPLETED,TWR_C
call_1563,sub_76,2026-08-25,5,COMPLETED,TWR_A
call_1564,sub_76,2026-08-21,456,COMPLETED,TWR_C
call_1565,sub_76,2026-08-19,257,COMPLETED,TWR_C
call_1566,sub_76,2026-08-23,262,COMPLETED,TWR_C
call_1567,sub_76,2026-08-26,357,COMPLETED,TWR_B
call_1568,sub_76,2026-08-24,199,COMPLETED,TWR_C
call_1569,sub_76,2026-08-21,381,COMPLETED,TWR_B
call_1570,sub_77,2026-07-28,613,COMPLETED,TWR_A
call_1571,sub_77,2026-07-14,276,DROPPED,TWR_A
call_1572,sub_78,2026-08-20,654,DROPPED,TWR_B
call_1573,sub_78,2026-08-18,405,COMPLETED,TWR_A
call_1574,sub_78,2026-08-20,479,COMPLETED,TWR_A
call_1575,sub_78,2026-07-07,309,COMPLETED,TWR_B
call_1576,sub_78,2026-07-31,272,COMPLETED,TWR_C
call_1577,sub_78,2026-08-21,298,COMPLETED,TWR_B
call_1578,sub_78,2026-07-29,232,COMPLETED,TWR_A
call_1579,sub_78,2026-08-09,113,COMPLETED,TWR_B
call_1580,sub_78,2026-08-22,537,COMPLETED,TWR_B
call_1581,sub_78,2026-08-12,133,COMPLETED,TWR_A
call_1582,sub_78,2026-07-25,180,COMPLETED,TWR_B
call_1583,sub_78,2026-08-13,338,COMPLETED,TWR_C
call_1584,sub_78,2026-08-18,578,COMPLETED,TWR_B
call_1585,sub_78,2026-08-22,289,COMPLETED,TWR_A
call_1586,sub_78,2026-08-21,260,DROPPED,TWR_A
call_1587,sub_78,2026-08-14,388,COMPLETED,TWR_A
call_1588,sub_78,2026-08-06,252,COMPLETED,TWR_B
call_1589,sub_78,2026-08-10,97,COMPLETED,TWR_A
call_1590,sub_78,2026-08-21,586,COMPLETED,TWR_B
call_1591,sub_78,2026-08-17,374,COMPLETED,TWR_C
call_1592,sub_78,2026-08-21,581,COMPLETED,TWR_B
call_1593,sub_78,2026-07-31,389,COMPLETED,TWR_B
call_1594,sub_78,2026-08-15,105,COMPLETED,TWR_C
call_1595,sub_78,2026-08-05,313,COMPLETED,TWR_C
call_1596,sub_78,2026-08-20,491,COMPLETED,TWR_B
call_1597,sub_78,2026-08-19,11,COMPLETED,TWR_B
call_1598,sub_78,2026-08-21,64,COMPLETED,TWR_C
call_1599,sub_79,2026-08-23,344,COMPLETED,TWR_B
call_1600,sub_79,2026-08-14,105,COMPLETED,TWR_C
call_1601,sub_79,2026-08-19,363,COMPLETED,TWR_C
call_1602,sub_79,2026-08-21,723,COMPLETED,TWR_C
call_1603,sub_79,2026-08-21,542,DROPPED,TWR_C
call_1604,sub_79,2026-08-23,203,COMPLETED,TWR_C
call_1605,sub_79,2026-08-12,80,DROPPED,TWR_B
call_1606,sub_79,2026-07-31,23,COMPLETED,TWR_A
call_1607,sub_79,2026-08-13,182,COMPLETED,TWR_C
call_1608,sub_79,2026-08-16,354,COMPLETED,TWR_A
call_1609,sub_79,2026-08-20,233,COMPLETED,TWR_C
call_1610,sub_79,2026-08-11,282,COMPLETED,TWR_C
call_1611,sub_79,2026-08-22,685,COMPLETED,TWR_A
call_1612,sub_79,2026-08-20,307,COMPLETED,TWR_B
call_1613,sub_79,2026-08-20,405,COMPLETED,TWR_B
call_1614,sub_79,2026-08-17,321,COMPLETED,TWR_A
call_1615,sub_79,2026-08-23,192,COMPLETED,TWR_B
call_1616,sub_79,2026-08-20,699,COMPLETED,TWR_C
call_1617,sub_79,2026-08-05,401,COMPLETED,TWR_A
call_1618,sub_79,2026-08-21,5,COMPLETED,TWR_A
call_1619,sub_80,2026-08-26,428,COMPLETED,TWR_C
call_1620,sub_80,2026-08-31,657,COMPLETED,TWR_B
call_1621,sub_80,2026-08-13,440,COMPLETED,TWR_A
call_1622,sub_80,2026-08-29,43,COMPLETED,TWR_C
call_1623,sub_80,2026-08-31,584,DROPPED,TWR_A
call_1624,sub_80,2026-08-28,286,COMPLETED,TWR_A
call_1625,sub_80,2026-08-24,215,COMPLETED,TWR_B
call_1626,sub_80,2026-08-03,171,COMPLETED,TWR_B
call_1627,sub_80,2026-08-15,463,COMPLETED,TWR_B
call_1628,sub_80,2026-08-20,231,COMPLETED,TWR_B
call_1629,sub_80,2026-07-17,321,COMPLETED,TWR_A
call_1630,sub_80,2026-08-28,280,COMPLETED,TWR_B
call_1631,sub_80,2026-08-19,94,COMPLETED,TWR_C
call_1632,sub_80,2026-08-29,311,DROPPED,TWR_C
call_1633,sub_80,2026-08-26,476,COMPLETED,TWR_A
call_1634,sub_80,2026-08-30,678,COMPLETED,TWR_C
call_1635,sub_80,2026-08-31,660,COMPLETED,TWR_C
call_1636,sub_80,2026-07-23,300,COMPLETED,TWR_B
call_1637,sub_80,2026-08-27,645,COMPLETED,TWR_B
call_1638,sub_80,2026-08-19,296,COMPLETED,TWR_C
call_1639,sub_80,2026-08-31,510,COMPLETED,TWR_A
call_1640,sub_80,2026-08-29,209,COMPLETED,TWR_C
call_1641,sub_80,2026-08-31,345,COMPLETED,TWR_B
call_1642,sub_80,2026-08-21,460,COMPLETED,TWR_A
call_1643,sub_80,2026-08-30,451,DROPPED,TWR_C
call_1644,sub_80,2026-08-29,318,COMPLETED,TWR_A
call_1645,sub_80,2026-08-27,326,COMPLETED,TWR_C
call_1646,sub_81,2026-08-13,196,COMPLETED,TWR_A
call_1647,sub_81,2026-08-29,193,COMPLETED,TWR_B
call_1648,sub_81,2026-08-26,241,COMPLETED,TWR_C
call_1649,sub_81,2026-08-27,265,COMPLETED,TWR_B
call_1650,sub_81,2026-08-19,30,COMPLETED,TWR_C
call_1651,sub_81,2026-08-09,428,COMPLETED,TWR_A
call_1652,sub_81,2026-08-29,297,DROPPED,TWR_B
call_1653,sub_81,2026-08-25,179,COMPLETED,TWR_B
call_1654,sub_81,2026-08-27,627,COMPLETED,TWR_C
call_1655,sub_81,2026-08-20,359,COMPLETED,TWR_A
call_1656,sub_81,2026-09-01,354,COMPLETED,TWR_B
call_1657,sub_81,2026-08-18,417,COMPLETED,TWR_A
call_1658,sub_81,2026-08-24,724,COMPLETED,TWR_A
call_1659,sub_81,2026-09-01,97,COMPLETED,TWR_B
call_1660,sub_81,2026-09-01,228,COMPLETED,TWR_A
call_1661,sub_81,2026-08-23,551,COMPLETED,TWR_A
call_1662,sub_81,2026-08-31,637,COMPLETED,TWR_C
call_1663,sub_81,2026-09-01,195,COMPLETED,TWR_B
call_1664,sub_81,2026-08-14,360,COMPLETED,TWR_C
call_1665,sub_81,2026-08-24,539,DROPPED,TWR_A
call_1666,sub_81,2026-08-30,403,COMPLETED,TWR_A
call_1667,sub_81,2026-08-12,283,COMPLETED,TWR_B
call_1668,sub_81,2026-08-30,60,COMPLETED,TWR_B
call_1669,sub_81,2026-08-05,382,COMPLETED,TWR_C
call_1670,sub_81,2026-08-27,408,COMPLETED,TWR_C
call_1671,sub_81,2026-08-27,259,COMPLETED,TWR_C
call_1672,sub_81,2026-08-30,198,COMPLETED,TWR_C
call_1673,sub_82,2026-08-24,492,COMPLETED,TWR_C
call_1674,sub_82,2026-08-18,571,COMPLETED,TWR_A
call_1675,sub_82,2026-08-28,379,COMPLETED,TWR_B
call_1676,sub_82,2026-08-27,495,COMPLETED,TWR_C
call_1677,sub_82,2026-08-26,400,COMPLETED,TWR_A
call_1678,sub_82,2026-08-18,235,COMPLETED,TWR_C
call_1679,sub_82,2026-08-28,152,COMPLETED,TWR_B
call_1680,sub_82,2026-08-25,479,COMPLETED,TWR_B
call_1681,sub_82,2026-08-24,371,COMPLETED,TWR_C
call_1682,sub_82,2026-08-18,637,COMPLETED,TWR_A
call_1683,sub_82,2026-08-23,585,COMPLETED,TWR_B
call_1684,sub_82,2026-08-09,562,COMPLETED,TWR_C
call_1685,sub_82,2026-08-25,343,COMPLETED,TWR_C
call_1686,sub_82,2026-07-30,490,COMPLETED,TWR_B
call_1687,sub_82,2026-08-26,704,COMPLETED,TWR_C
call_1688,sub_82,2026-07-25,742,COMPLETED,TWR_B
call_1689,sub_82,2026-08-25,131,COMPLETED,TWR_A
call_1690,sub_82,2026-07-24,457,COMPLETED,TWR_A
call_1691,sub_82,2026-08-26,711,COMPLETED,TWR_C
call_1692,sub_82,2026-08-23,729,COMPLETED,TWR_A
call_1693,sub_82,2026-08-27,353,COMPLETED,TWR_A
call_1694,sub_82,2026-08-14,643,COMPLETED,TWR_C
call_1695,sub_82,2026-08-17,666,COMPLETED,TWR_A
call_1696,sub_82,2026-08-20,500,COMPLETED,TWR_A
call_1697,sub_82,2026-08-14,46,COMPLETED,TWR_B
call_1698,sub_82,2026-07-26,529,COMPLETED,TWR_C
call_1699,sub_82,2026-08-13,473,COMPLETED,TWR_A
call_1700,sub_82,2026-08-22,319,COMPLETED,TWR_B
call_1701,sub_82,2026-08-12,314,COMPLETED,TWR_A
call_1702,sub_82,2026-08-19,278,COMPLETED,TWR_B
call_1703,sub_82,2026-07-29,477,COMPLETED,TWR_B
call_1704,sub_82,2026-08-01,432,COMPLETED,TWR_B
call_1705,sub_82,2026-08-22,454,COMPLETED,TWR_B
call_1706,sub_82,2026-08-23,524,COMPLETED,TWR_A
call_1707,sub_83,2026-08-12,5,COMPLETED,TWR_C
call_1708,sub_83,2026-08-10,189,COMPLETED,TWR_B
call_1709,sub_83,2026-08-14,310,COMPLETED,TWR_C
call_1710,sub_83,2026-07-28,184,COMPLETED,TWR_B
call_1711,sub_83,2026-07-30,301,COMPLETED,TWR_C
call_1712,sub_83,2026-08-10,307,COMPLETED,TWR_B
call_1713,sub_83,2026-08-18,185,COMPLETED,TWR_C
call_1714,sub_83,2026-08-07,268,DROPPED,TWR_B
call_1715,sub_83,2026-08-16,54,COMPLETED,TWR_C
call_1716,sub_83,2026-08-16,44,COMPLETED,TWR_C
call_1717,sub_83,2026-08-12,305,COMPLETED,TWR_A
call_1718,sub_83,2026-08-06,418,COMPLETED,TWR_A
call_1719,sub_83,2026-08-04,120,COMPLETED,TWR_A
call_1720,sub_84,2026-08-12,247,COMPLETED,TWR_A
call_1721,sub_84,2026-08-17,5,COMPLETED,TWR_B
call_1722,sub_84,2026-07-24,103,COMPLETED,TWR_A
call_1723,sub_84,2026-08-19,298,COMPLETED,TWR_B
call_1724,sub_84,2026-08-12,125,COMPLETED,TWR_A
call_1725,sub_84,2026-08-18,381,COMPLETED,TWR_C
call_1726,sub_84,2026-08-08,670,COMPLETED,TWR_B
call_1727,sub_84,2026-08-13,302,COMPLETED,TWR_B
call_1728,sub_84,2026-08-17,385,COMPLETED,TWR_A
call_1729,sub_84,2026-08-10,450,COMPLETED,TWR_A
call_1730,sub_84,2026-08-16,286,COMPLETED,TWR_C
call_1731,sub_84,2026-08-05,190,COMPLETED,TWR_C
call_1732,sub_84,2026-08-19,76,COMPLETED,TWR_C
call_1733,sub_84,2026-08-09,160,COMPLETED,TWR_C
call_1734,sub_84,2026-08-19,346,COMPLETED,TWR_A
call_1735,sub_84,2026-08-06,43,COMPLETED,TWR_C
call_1736,sub_84,2026-07-31,182,COMPLETED,TWR_C
call_1737,sub_84,2026-08-10,176,COMPLETED,TWR_B
call_1738,sub_85,2026-07-12,239,COMPLETED,TWR_C
call_1739,sub_86,2026-08-22,275,COMPLETED,TWR_B
call_1740,sub_86,2026-08-28,75,COMPLETED,TWR_B
call_1741,sub_86,2026-08-26,405,COMPLETED,TWR_B
call_1742,sub_86,2026-08-14,395,COMPLETED,TWR_C
call_1743,sub_86,2026-08-24,198,COMPLETED,TWR_C
call_1744,sub_86,2026-08-28,250,COMPLETED,TWR_B
call_1745,sub_86,2026-07-14,622,COMPLETED,TWR_A
call_1746,sub_86,2026-08-14,689,COMPLETED,TWR_C
call_1747,sub_86,2026-09-02,276,COMPLETED,TWR_A
call_1748,sub_86,2026-08-26,602,COMPLETED,TWR_C
call_1749,sub_86,2026-09-02,634,COMPLETED,TWR_A
call_1750,sub_86,2026-08-21,379,COMPLETED,TWR_A
call_1751,sub_86,2026-08-26,776,COMPLETED,TWR_C
call_1752,sub_86,2026-08-12,338,COMPLETED,TWR_A
call_1753,sub_86,2026-08-30,413,COMPLETED,TWR_C
call_1754,sub_86,2026-08-27,675,COMPLETED,TWR_C
call_1755,sub_86,2026-08-31,179,COMPLETED,TWR_B
call_1756,sub_86,2026-08-26,545,COMPLETED,TWR_C
call_1757,sub_86,2026-08-28,449,COMPLETED,TWR_A
call_1758,sub_86,2026-08-17,211,COMPLETED,TWR_C
call_1759,sub_86,2026-08-22,565,COMPLETED,TWR_C
call_1760,sub_86,2026-09-01,202,COMPLETED,TWR_A
call_1761,sub_86,2026-07-23,645,COMPLETED,TWR_A
call_1762,sub_86,2026-08-11,204,COMPLETED,TWR_B
call_1763,sub_86,2026-08-19,92,COMPLETED,TWR_B
call_1764,sub_86,2026-08-27,134,COMPLETED,TWR_C
call_1765,sub_86,2026-08-26,554,COMPLETED,TWR_A
call_1766,sub_86,2026-09-01,541,COMPLETED,TWR_B
call_1767,sub_86,2026-08-17,5,COMPLETED,TWR_C
call_1768,sub_86,2026-08-16,403,COMPLETED,TWR_C
call_1769,sub_86,2026-08-27,385,COMPLETED,TWR_B
call_1770,sub_86,2026-07-30,575,COMPLETED,TWR_A
call_1771,sub_87,2026-08-27,561,COMPLETED,TWR_B
call_1772,sub_87,2026-08-23,425,COMPLETED,TWR_B
call_1773,sub_87,2026-08-28,364,COMPLETED,TWR_B
call_1774,sub_87,2026-09-02,410,COMPLETED,TWR_A
call_1775,sub_87,2026-08-30,202,COMPLETED,TWR_C
call_1776,sub_87,2026-09-01,281,COMPLETED,TWR_B
call_1777,sub_87,2026-08-27,122,COMPLETED,TWR_A
call_1778,sub_87,2026-08-16,85,COMPLETED,TWR_C
call_1779,sub_87,2026-08-29,322,DROPPED,TWR_A
call_1780,sub_87,2026-08-20,401,COMPLETED,TWR_B
call_1781,sub_87,2026-08-30,533,COMPLETED,TWR_B
call_1782,sub_87,2026-08-03,203,COMPLETED,TWR_B
call_1783,sub_87,2026-08-29,502,COMPLETED,TWR_C
call_1784,sub_87,2026-08-11,476,COMPLETED,TWR_A
call_1785,sub_87,2026-08-28,462,COMPLETED,TWR_C
call_1786,sub_87,2026-08-31,401,COMPLETED,TWR_A
call_1787,sub_87,2026-08-30,124,COMPLETED,TWR_C
call_1788,sub_87,2026-08-31,252,COMPLETED,TWR_C
call_1789,sub_87,2026-08-28,122,COMPLETED,TWR_B
call_1790,sub_87,2026-08-24,80,COMPLETED,TWR_B
call_1791,sub_87,2026-08-30,5,COMPLETED,TWR_A
call_1792,sub_87,2026-08-23,224,COMPLETED,TWR_B
call_1793,sub_87,2026-08-29,724,COMPLETED,TWR_B
call_1794,sub_87,2026-08-19,568,COMPLETED,TWR_C
call_1795,sub_87,2026-08-27,320,DROPPED,TWR_C
call_1796,sub_87,2026-08-29,319,COMPLETED,TWR_A
call_1797,sub_87,2026-08-29,636,COMPLETED,TWR_C
call_1798,sub_87,2026-08-30,170,COMPLETED,TWR_C
call_1799,sub_87,2026-08-29,667,COMPLETED,TWR_A
call_1800,sub_87,2026-08-18,696,COMPLETED,TWR_B
call_1801,sub_87,2026-08-30,612,COMPLETED,TWR_A
call_1802,sub_87,2026-08-24,344,COMPLETED,TWR_A
call_1803,sub_87,2026-09-01,791,COMPLETED,TWR_B
call_1804,sub_87,2026-08-18,199,COMPLETED,TWR_C
call_1805,sub_88,2026-08-24,206,COMPLETED,TWR_B
call_1806,sub_88,2026-08-17,5,COMPLETED,TWR_B
call_1807,sub_88,2026-08-11,439,COMPLETED,TWR_C
call_1808,sub_88,2026-07-17,162,COMPLETED,TWR_A
call_1809,sub_88,2026-08-18,380,COMPLETED,TWR_C
call_1810,sub_88,2026-08-22,393,COMPLETED,TWR_B
call_1811,sub_88,2026-08-23,5,COMPLETED,TWR_B
call_1812,sub_88,2026-08-09,442,COMPLETED,TWR_B
call_1813,sub_88,2026-07-29,193,COMPLETED,TWR_A
call_1814,sub_88,2026-08-08,553,COMPLETED,TWR_A
call_1815,sub_88,2026-08-20,506,COMPLETED,TWR_B
call_1816,sub_88,2026-08-16,146,COMPLETED,TWR_A
call_1817,sub_88,2026-08-17,5,COMPLETED,TWR_A
call_1818,sub_88,2026-08-24,119,COMPLETED,TWR_C
call_1819,sub_88,2026-08-16,492,COMPLETED,TWR_C
call_1820,sub_88,2026-08-23,339,COMPLETED,TWR_C
call_1821,sub_88,2026-08-19,5,COMPLETED,TWR_B
call_1822,sub_88,2026-08-23,124,COMPLETED,TWR_C
call_1823,sub_88,2026-08-15,552,COMPLETED,TWR_B
call_1824,sub_88,2026-08-24,216,COMPLETED,TWR_A
call_1825,sub_88,2026-08-14,642,COMPLETED,TWR_A
call_1826,sub_88,2026-08-24,262,COMPLETED,TWR_B
call_1827,sub_88,2026-08-18,275,COMPLETED,TWR_B
call_1828,sub_89,2026-07-30,412,COMPLETED,TWR_B
call_1829,sub_89,2026-08-14,155,DROPPED,TWR_A
call_1830,sub_89,2026-08-03,343,COMPLETED,TWR_A
call_1831,sub_89,2026-08-13,356,COMPLETED,TWR_A
call_1832,sub_89,2026-08-13,596,COMPLETED,TWR_C
call_1833,sub_89,2026-08-04,469,COMPLETED,TWR_B
call_1834,sub_89,2026-07-29,358,COMPLETED,TWR_B
call_1835,sub_89,2026-08-08,237,COMPLETED,TWR_B
call_1836,sub_89,2026-06-29,356,COMPLETED,TWR_C
call_1837,sub_89,2026-08-13,175,COMPLETED,TWR_C
call_1838,sub_89,2026-08-15,173,COMPLETED,TWR_C
call_1839,sub_89,2026-08-13,255,COMPLETED,TWR_C
call_1840,sub_89,2026-08-10,482,COMPLETED,TWR_A
call_1841,sub_89,2026-08-09,399,COMPLETED,TWR_A
call_1842,sub_90,2026-08-24,160,COMPLETED,TWR_C
call_1843,sub_90,2026-08-14,694,COMPLETED,TWR_A
call_1844,sub_90,2026-08-28,91,COMPLETED,TWR_B
call_1845,sub_90,2026-08-14,598,DROPPED,TWR_B
call_1846,sub_90,2026-08-12,250,COMPLETED,TWR_B
call_1847,sub_90,2026-08-22,503,COMPLETED,TWR_B
call_1848,sub_90,2026-08-25,5,COMPLETED,TWR_A
call_1849,sub_90,2026-08-27,410,COMPLETED,TWR_A
call_1850,sub_90,2026-07-24,412,COMPLETED,TWR_C
call_1851,sub_90,2026-08-09,396,COMPLETED,TWR_A
call_1852,sub_90,2026-07-28,498,COMPLETED,TWR_C
call_1853,sub_90,2026-08-27,215,COMPLETED,TWR_B
call_1854,sub_90,2026-08-03,383,COMPLETED,TWR_B
call_1855,sub_90,2026-08-22,130,COMPLETED,TWR_B
call_1856,sub_90,2026-08-27,473,COMPLETED,TWR_B
call_1857,sub_90,2026-07-19,619,COMPLETED,TWR_C
call_1858,sub_90,2026-08-12,344,COMPLETED,TWR_A
call_1859,sub_90,2026-08-24,188,COMPLETED,TWR_A
call_1860,sub_90,2026-08-28,485,COMPLETED,TWR_A
call_1861,sub_90,2026-08-27,182,COMPLETED,TWR_C
call_1862,sub_90,2026-07-10,575,COMPLETED,TWR_C
call_1863,sub_90,2026-08-10,427,COMPLETED,TWR_B
call_1864,sub_90,2026-08-12,275,COMPLETED,TWR_C
call_1865,sub_90,2026-08-30,352,COMPLETED,TWR_A
call_1866,sub_90,2026-08-28,5,COMPLETED,TWR_C
call_1867,sub_90,2026-08-25,558,COMPLETED,TWR_A
call_1868,sub_91,2026-08-23,29,COMPLETED,TWR_B
call_1869,sub_91,2026-08-24,182,COMPLETED,TWR_B
call_1870,sub_91,2026-08-20,97,DROPPED,TWR_A
call_1871,sub_91,2026-08-23,230,COMPLETED,TWR_C
call_1872,sub_91,2026-08-19,5,COMPLETED,TWR_A
call_1873,sub_91,2026-08-23,130,COMPLETED,TWR_B
call_1874,sub_91,2026-08-25,209,DROPPED,TWR_B
call_1875,sub_91,2026-08-22,157,DROPPED,TWR_A
call_1876,sub_91,2026-08-22,84,COMPLETED,TWR_B
call_1877,sub_91,2026-08-25,271,COMPLETED,TWR_A
call_1878,sub_91,2026-07-21,238,COMPLETED,TWR_B
call_1879,sub_92,2026-08-18,360,COMPLETED,TWR_A
call_1880,sub_92,2026-08-31,439,COMPLETED,TWR_A
call_1881,sub_92,2026-08-20,162,COMPLETED,TWR_C
call_1882,sub_92,2026-08-30,584,COMPLETED,TWR_A
call_1883,sub_92,2026-08-10,179,COMPLETED,TWR_B
call_1884,sub_92,2026-08-23,552,COMPLETED,TWR_C
call_1885,sub_92,2026-08-23,435,COMPLETED,TWR_C
call_1886,sub_92,2026-08-31,454,COMPLETED,TWR_B
call_1887,sub_92,2026-08-20,547,COMPLETED,TWR_B
call_1888,sub_92,2026-08-22,354,COMPLETED,TWR_B
call_1889,sub_92,2026-08-25,352,DROPPED,TWR_C
call_1890,sub_92,2026-08-31,370,COMPLETED,TWR_B
call_1891,sub_92,2026-08-23,369,COMPLETED,TWR_A
call_1892,sub_92,2026-08-03,367,DROPPED,TWR_C
call_1893,sub_92,2026-07-20,265,COMPLETED,TWR_B
call_1894,sub_92,2026-08-22,514,COMPLETED,TWR_C
call_1895,sub_92,2026-08-28,383,COMPLETED,TWR_A
call_1896,sub_92,2026-08-23,240,COMPLETED,TWR_C
call_1897,sub_92,2026-08-18,871,COMPLETED,TWR_A
call_1898,sub_92,2026-07-30,399,COMPLETED,TWR_C
call_1899,sub_92,2026-08-25,275,COMPLETED,TWR_A
call_1900,sub_92,2026-08-30,597,COMPLETED,TWR_A
call_1901,sub_92,2026-08-21,497,COMPLETED,TWR_C
call_1902,sub_92,2026-08-27,298,DROPPED,TWR_B
call_1903,sub_92,2026-08-26,664,COMPLETED,TWR_C
call_1904,sub_92,2026-08-30,116,COMPLETED,TWR_A
call_1905,sub_92,2026-09-01,401,COMPLETED,TWR_A
call_1906,sub_92,2026-08-25,296,COMPLETED,TWR_B
call_1907,sub_92,2026-08-30,345,DROPPED,TWR_A
call_1908,sub_92,2026-08-06,329,COMPLETED,TWR_A
call_1909,sub_93,2026-08-11,223,COMPLETED,TWR_A
call_1910,sub_93,2026-08-20,498,COMPLETED,TWR_C
call_1911,sub_93,2026-07-30,246,COMPLETED,TWR_C
call_1912,sub_93,2026-08-18,132,DROPPED,TWR_A
call_1913,sub_93,2026-08-16,264,COMPLETED,TWR_C
call_1914,sub_93,2026-08-20,349,DROPPED,TWR_C
call_1915,sub_93,2026-08-04,674,COMPLETED,TWR_C
call_1916,sub_93,2026-08-19,520,COMPLETED,TWR_A
call_1917,sub_93,2026-08-10,690,COMPLETED,TWR_C
call_1918,sub_93,2026-08-20,581,COMPLETED,TWR_A
call_1919,sub_93,2026-08-10,166,COMPLETED,TWR_B
call_1920,sub_93,2026-08-19,539,COMPLETED,TWR_C
call_1921,sub_93,2026-08-13,405,COMPLETED,TWR_A
call_1922,sub_93,2026-08-18,228,COMPLETED,TWR_B
call_1923,sub_93,2026-08-14,342,DROPPED,TWR_A
call_1924,sub_93,2026-08-15,337,COMPLETED,TWR_B
call_1925,sub_93,2026-08-08,486,COMPLETED,TWR_C
call_1926,sub_93,2026-08-20,405,COMPLETED,TWR_B
call_1927,sub_93,2026-08-11,741,COMPLETED,TWR_B
call_1928,sub_93,2026-08-20,278,COMPLETED,TWR_B
call_1929,sub_93,2026-07-22,5,COMPLETED,TWR_C
call_1930,sub_93,2026-08-13,370,COMPLETED,TWR_B
call_1931,sub_93,2026-08-13,369,COMPLETED,TWR_C
call_1932,sub_93,2026-08-13,364,COMPLETED,TWR_B
call_1933,sub_93,2026-08-20,226,COMPLETED,TWR_A
call_1934,sub_93,2026-08-20,487,COMPLETED,TWR_A
call_1935,sub_93,2026-08-15,490,COMPLETED,TWR_A
call_1936,sub_93,2026-08-18,587,COMPLETED,TWR_B
call_1937,sub_94,2026-08-30,596,DROPPED,TWR_A
call_1938,sub_94,2026-08-25,605,COMPLETED,TWR_C
call_1939,sub_94,2026-08-30,381,COMPLETED,TWR_B
call_1940,sub_94,2026-08-09,139,COMPLETED,TWR_A
call_1941,sub_94,2026-08-23,266,COMPLETED,TWR_A
call_1942,sub_94,2026-08-29,199,COMPLETED,TWR_B
call_1943,sub_94,2026-08-25,590,COMPLETED,TWR_C
call_1944,sub_94,2026-08-21,345,COMPLETED,TWR_A
call_1945,sub_94,2026-08-28,623,COMPLETED,TWR_A
call_1946,sub_94,2026-08-15,368,COMPLETED,TWR_A
call_1947,sub_94,2026-07-11,576,COMPLETED,TWR_B
call_1948,sub_94,2026-08-25,62,COMPLETED,TWR_B
call_1949,sub_94,2026-08-19,426,COMPLETED,TWR_A
call_1950,sub_94,2026-07-24,554,COMPLETED,TWR_B
call_1951,sub_94,2026-08-26,331,COMPLETED,TWR_C
call_1952,sub_94,2026-08-27,163,COMPLETED,TWR_A
call_1953,sub_94,2026-08-08,497,COMPLETED,TWR_B
call_1954,sub_94,2026-08-19,809,COMPLETED,TWR_A
call_1955,sub_94,2026-09-01,58,COMPLETED,TWR_C
call_1956,sub_94,2026-09-01,99,COMPLETED,TWR_A
call_1957,sub_94,2026-08-25,540,COMPLETED,TWR_A
call_1958,sub_94,2026-08-29,233,COMPLETED,TWR_B
call_1959,sub_94,2026-08-31,299,COMPLETED,TWR_C
call_1960,sub_94,2026-08-22,77,COMPLETED,TWR_C
call_1961,sub_94,2026-08-31,341,COMPLETED,TWR_A
call_1962,sub_94,2026-08-20,290,COMPLETED,TWR_C
call_1963,sub_94,2026-08-28,429,COMPLETED,TWR_C
call_1964,sub_94,2026-08-23,903,COMPLETED,TWR_B
call_1965,sub_94,2026-08-19,544,DROPPED,TWR_B
call_1966,sub_94,2026-09-01,331,COMPLETED,TWR_C
call_1967,sub_94,2026-08-24,492,COMPLETED,TWR_B
call_1968,sub_94,2026-08-15,589,COMPLETED,TWR_B
call_1969,sub_94,2026-08-26,367,COMPLETED,TWR_A
call_1970,sub_95,2026-08-20,484,COMPLETED,TWR_C
call_1971,sub_95,2026-08-24,456,COMPLETED,TWR_C
call_1972,sub_95,2026-08-21,166,COMPLETED,TWR_A
call_1973,sub_95,2026-08-19,161,COMPLETED,TWR_B
call_1974,sub_95,2026-08-17,65,COMPLETED,TWR_B
call_1975,sub_95,2026-08-17,161,COMPLETED,TWR_A
call_1976,sub_95,2026-08-20,362,COMPLETED,TWR_B
call_1977,sub_95,2026-08-20,338,COMPLETED,TWR_A
call_1978,sub_95,2026-08-04,711,COMPLETED,TWR_C
call_1979,sub_95,2026-07-24,520,COMPLETED,TWR_C
call_1980,sub_95,2026-08-10,417,COMPLETED,TWR_B
call_1981,sub_95,2026-07-28,327,COMPLETED,TWR_B
call_1982,sub_95,2026-08-23,666,COMPLETED,TWR_C
call_1983,sub_95,2026-08-24,472,COMPLETED,TWR_B
call_1984,sub_95,2026-08-20,620,COMPLETED,TWR_A
call_1985,sub_95,2026-08-21,450,COMPLETED,TWR_B
call_1986,sub_95,2026-08-12,383,COMPLETED,TWR_B
call_1987,sub_95,2026-08-17,722,COMPLETED,TWR_A
call_1988,sub_95,2026-08-17,698,COMPLETED,TWR_B
call_1989,sub_95,2026-08-18,368,COMPLETED,TWR_C
call_1990,sub_95,2026-08-07,409,COMPLETED,TWR_B
call_1991,sub_95,2026-08-16,331,COMPLETED,TWR_A
call_1992,sub_95,2026-08-16,337,COMPLETED,TWR_C
call_1993,sub_95,2026-08-08,702,COMPLETED,TWR_A
call_1994,sub_96,2026-08-01,134,DROPPED,TWR_B
call_1995,sub_96,2026-07-15,5,COMPLETED,TWR_C
call_1996,sub_96,2026-08-03,137,COMPLETED,TWR_C
call_1997,sub_96,2026-08-11,275,COMPLETED,TWR_C
call_1998,sub_96,2026-07-31,634,COMPLETED,TWR_C
call_1999,sub_96,2026-07-03,5,COMPLETED,TWR_B
call_2000,sub_96,2026-07-22,5,COMPLETED,TWR_B
call_2001,sub_97,2026-07-29,484,COMPLETED,TWR_A
call_2002,sub_97,2026-08-14,67,COMPLETED,TWR_A
call_2003,sub_97,2026-07-30,360,COMPLETED,TWR_C
call_2004,sub_97,2026-08-22,272,COMPLETED,TWR_C
call_2005,sub_97,2026-08-18,12,COMPLETED,TWR_B
call_2006,sub_97,2026-08-16,308,COMPLETED,TWR_A
call_2007,sub_97,2026-08-24,363,DROPPED,TWR_B
call_2008,sub_97,2026-08-22,174,DROPPED,TWR_A
call_2009,sub_97,2026-08-20,335,COMPLETED,TWR_A
call_2010,sub_97,2026-08-21,168,COMPLETED,TWR_B
call_2011,sub_97,2026-08-24,485,COMPLETED,TWR_A
call_2012,sub_97,2026-08-23,351,COMPLETED,TWR_A
call_2013,sub_97,2026-08-07,29,COMPLETED,TWR_C
call_2014,sub_97,2026-08-19,260,DROPPED,TWR_C
call_2015,sub_97,2026-08-20,549,COMPLETED,TWR_A
call_2016,sub_97,2026-08-18,313,COMPLETED,TWR_B
call_2017,sub_97,2026-08-18,225,COMPLETED,TWR_C
call_2018,sub_97,2026-08-03,278,DROPPED,TWR_C
call_2019,sub_97,2026-08-18,446,COMPLETED,TWR_A
call_2020,sub_97,2026-08-12,21,COMPLETED,TWR_B
call_2021,sub_97,2026-08-09,220,COMPLETED,TWR_C
call_2022,sub_97,2026-08-08,138,COMPLETED,TWR_B
call_2023,sub_97,2026-08-19,358,COMPLETED,TWR_B
call_2024,sub_98,2026-08-27,317,COMPLETED,TWR_C
call_2025,sub_98,2026-08-29,262,COMPLETED,TWR_A
call_2026,sub_98,2026-08-17,234,COMPLETED,TWR_A
call_2027,sub_98,2026-08-28,589,COMPLETED,TWR_A
call_2028,sub_98,2026-08-18,177,COMPLETED,TWR_A
call_2029,sub_98,2026-08-21,420,COMPLETED,TWR_B
call_2030,sub_98,2026-08-24,632,COMPLETED,TWR_C
call_2031,sub_98,2026-09-01,546,COMPLETED,TWR_B
call_2032,sub_98,2026-08-31,937,COMPLETED,TWR_A
call_2033,sub_98,2026-09-02,327,COMPLETED,TWR_B
call_2034,sub_98,2026-08-17,5,COMPLETED,TWR_A
call_2035,sub_98,2026-08-26,407,COMPLETED,TWR_C
call_2036,sub_98,2026-08-13,544,COMPLETED,TWR_B
call_2037,sub_98,2026-08-27,149,COMPLETED,TWR_C
call_2038,sub_98,2026-08-13,360,COMPLETED,TWR_B
call_2039,sub_98,2026-08-26,79,COMPLETED,TWR_A
call_2040,sub_98,2026-08-29,466,COMPLETED,TWR_C
call_2041,sub_98,2026-08-31,596,COMPLETED,TWR_C
call_2042,sub_98,2026-09-02,466,COMPLETED,TWR_B
call_2043,sub_98,2026-08-20,444,COMPLETED,TWR_B
call_2044,sub_98,2026-08-31,504,COMPLETED,TWR_C
call_2045,sub_98,2026-09-02,362,COMPLETED,TWR_A
call_2046,sub_98,2026-08-26,365,COMPLETED,TWR_B
call_2047,sub_98,2026-08-29,651,COMPLETED,TWR_C
call_2048,sub_98,2026-08-18,461,COMPLETED,TWR_C
call_2049,sub_98,2026-09-02,269,COMPLETED,TWR_C
call_2050,sub_98,2026-08-25,865,COMPLETED,TWR_A
call_2051,sub_98,2026-08-17,315,COMPLETED,TWR_A
call_2052,sub_98,2026-08-28,336,COMPLETED,TWR_A
call_2053,sub_99,2026-08-03,5,COMPLETED,TWR_A
call_2054,sub_99,2026-08-23,195,COMPLETED,TWR_C
call_2055,sub_99,2026-08-18,229,COMPLETED,TWR_A
call_2056,sub_99,2026-08-20,200,COMPLETED,TWR_A
call_2057,sub_99,2026-08-23,5,COMPLETED,TWR_C
call_2058,sub_99,2026-07-31,163,COMPLETED,TWR_B
call_2059,sub_99,2026-08-23,542,COMPLETED,TWR_C
call_2060,sub_99,2026-08-23,123,COMPLETED,TWR_B
call_2061,sub_99,2026-08-20,416,COMPLETED,TWR_C
call_2062,sub_99,2026-08-22,49,COMPLETED,TWR_B
call_2063,sub_99,2026-08-20,5,COMPLETED,TWR_B
call_2064,sub_99,2026-08-12,463,COMPLETED,TWR_B
call_2065,sub_99,2026-07-29,202,DROPPED,TWR_A
call_2066,sub_99,2026-08-23,342,DROPPED,TWR_C
call_2067,sub_99,2026-08-26,355,DROPPED,TWR_A
call_2068,sub_99,2026-08-17,328,COMPLETED,TWR_C
call_2069,sub_99,2026-08-08,497,COMPLETED,TWR_A
call_2070,sub_99,2026-08-23,160,COMPLETED,TWR_A
call_2071,sub_100,2026-08-20,279,COMPLETED,TWR_B
call_2072,sub_100,2026-08-17,59,COMPLETED,TWR_C
call_2073,sub_100,2026-08-24,435,COMPLETED,TWR_C
call_2074,sub_100,2026-08-11,124,COMPLETED,TWR_A
call_2075,sub_100,2026-08-16,220,COMPLETED,TWR_C
call_2076,sub_100,2026-08-23,11,DROPPED,TWR_C
call_2077,sub_100,2026-08-21,5,COMPLETED,TWR_A
call_2078,sub_100,2026-07-25,362,COMPLETED,TWR_B
call_2079,sub_100,2026-08-13,441,COMPLETED,TWR_C
call_2080,sub_100,2026-07-12,5,COMPLETED,TWR_A
call_2081,sub_100,2026-08-19,319,COMPLETED,TWR_B
call_2082,sub_100,2026-08-20,237,COMPLETED,TWR_B
